seq,latency_h2h_ns
0,275150
1,242740
2,321415
3,712497
4,605461
5,548978
6,541853
7,546716
8,1068457
9,784468
10,660882
11,574940
12,556151
13,912124
14,710631
15,579631
16,537600
17,845082
18,795537
19,579382
20,497464
21,622144
22,544668
23,712762
24,686322
25,688110
26,550327
27,537224
28,509327
29,856209
30,1136113
31,783297
32,707113
33,456427
34,611027
35,584545
36,826026
37,871208
38,700198
39,530201
40,472980
41,550895
42,625290
43,505529
44,485522
45,409756
46,592987
47,841840
48,738234
49,549968
50,455008
51,573359
52,478701
53,526979
54,404227
55,404409
56,397052
57,562165
58,512084
59,491017
60,493500
61,455650
62,510093
63,533352
64,386298
65,301394
66,460987
67,308114
68,471294
69,483623
70,466442
71,476516
72,488439
73,442042
74,432654
75,455523
76,307660
77,464900
78,445061
79,487974
80,464305
81,356992
82,461211
83,469505
84,335439
85,349209
86,460757
87,353954
88,558972
89,482007
90,404526
91,504482
92,594153
93,550602
94,531299
95,921908
96,1119740
97,1147268
98,859904
99,1348742
100,1154458
101,1123615
102,951892
103,878345
104,1075908
105,1104430
106,974629
107,866626
108,1090873
109,1184717
110,937578
111,1089206
112,1096544
113,1099880
114,1185442
115,868789
116,1087856
117,1044262
118,971283
119,1095709
120,1071309
121,1004491
122,1311425
123,899552
124,911826
125,1138270
126,1115048
127,980242
128,705808
129,1094411
130,1186233
131,1110462
132,966224
133,913882
134,1269275
135,1194912
136,940912
137,1010160
138,1195975
139,1091639
140,1066041
141,972541
142,943442
143,981008
144,1190685
145,926845
146,847790
147,1194436
148,1106488
149,873162
150,785937
151,647298
152,424713
153,752962
154,538378
155,1142561
156,742906
157,672977
158,530370
159,304421
160,365339
161,522319
162,735052
163,716735
164,541231
165,570800
166,530346
167,451781
168,484278
169,584019
170,372786
171,603504
172,966952
173,566538
174,674368
175,380368
176,587482
177,514283
178,463035
179,494123
180,466985
181,313755
182,493438
183,501007
184,489945
185,463012
186,470814
187,403258
188,1018580
189,599675
190,632225
191,431515
192,368848
193,553347
194,566273
195,494672
196,365428
197,518697
198,361574
199,614046
200,480936
201,479115
202,339900
203,448074
204,517276
205,318798
206,479674
207,489089
208,497230
209,465454
210,312491
211,481320
212,484854
213,450201
214,1066618
215,931337
216,1213090
217,1093918
218,973987
219,857765
220,1058724
221,856282
222,954593
223,1195894
224,1062298
225,1041750
226,1029266
227,1006958
228,681448
229,1190919
230,1098355
231,889817
232,1129931
233,1213043
234,850611
235,1101778
236,878030
237,1080007
238,1262217
239,858399
240,1012025
241,906094
242,1106149
243,1156861
244,1095437
245,1078507
246,963477
247,868427
248,850982
249,1300858
250,1058818
251,933814
252,1078771
253,1185617
254,1094062
255,1275663
256,1077313
257,1074549
258,861938
259,1059531
260,1002117
261,562424
262,556217
263,1213981
264,1080941
265,1082717
266,873087
267,951621
268,873252
269,891932
270,843715
271,1061434
272,1068244
273,978860
274,952590
275,1063576
276,1097187
277,848186
278,910458
279,932563
280,939891
281,894062
282,1104793
283,919667
284,1187755
285,1160183
286,1006842
287,1096304
288,978843
289,1106739
290,1081596
291,976661
292,1062253
293,1105604
294,936014
295,1154092
296,711499
297,1206724
298,1198649
299,1406026
300,1182176
301,818523
302,896389
303,952108
304,1100868
305,1228953
306,961833
307,927284
308,891146
309,1106923
310,1197972
311,944782
312,1018150
313,947266
314,985590
315,1101541
316,1185696
317,1047274
318,834139
319,852721
320,1087116
321,890999
322,1083495
323,1295933
324,1042581
325,995085
326,856484
327,969612
328,662074
329,542990
330,1224432
331,1050276
332,1157410
333,1209980
334,1190145
335,1096041
336,807415
337,891336
338,870590
339,1090683
340,1220733
341,951228
342,961846
343,1140908
344,1193765
345,1089360
346,1090969
347,968602
348,1103319
349,1034338
350,974903
351,1088183
352,1089194
353,934713
354,1030788
355,1158400
356,969974
357,1061234
358,797641
359,1084543
360,1141831
361,1082825
362,1059634
363,1187866
364,1101018
365,988085
366,1118595
367,890298
368,981876
369,921840
370,1084148
371,1103902
372,862261
373,1220002
374,1003370
375,1077701
376,1147985
377,1064703
378,725459
379,742047
380,245307
381,781420
382,559053
383,588146
384,991391
385,757758
386,639565
387,569537
388,438687
389,574384
390,353077
391,479340
392,498214
393,481835
394,480614
395,543604
396,487387
397,326856
398,522640
399,670886
400,500978
401,470081
402,408894
403,415771
404,576865
405,517491
406,370815
407,371080
408,538047
409,503939
410,468832
411,529886
412,518435
413,451325
414,1173863
415,1103088
416,1047364
417,879299
418,871151
419,1181853
420,934603
421,1030457
422,1147030
423,1262358
424,1157109
425,974462
426,939250
427,858746
428,538794
429,585469
430,1098660
431,1210566
432,911748
433,1102368
434,1273391
435,1086274
436,879107
437,859323
438,856913
439,1149615
440,1104637
441,934447
442,827686
443,1054955
444,1087643
445,1078591
446,1051300
447,844650
448,1109886
449,954520
450,977965
451,1020779
452,845359
453,944574
454,1232503
455,1099844
456,1205051
457,846960
458,1060121
459,1118687
460,1068671
461,1056028
462,882572
463,1068624
464,910703
465,1069741
466,1127724
467,861160
468,1049057
469,1197582
470,1123092
471,680351
472,872367
473,1069306
474,1115710
475,1179321
476,1045706
477,869193
478,926655
479,1074941
480,1062291
481,1086265
482,1055965
483,1086819
484,1244900
485,1067745
486,829484
487,1135637
488,1213170
489,1007898
490,1138788
491,1106430
492,955197
493,1045183
494,1120781
495,1097473
496,1240534
497,884487
498,1107710
499,1207449
500,1148906
501,1073136
502,912428
503,993521
504,1056277
505,1015106
506,919716
507,950030
508,1119193
509,1135623
510,1040570
511,1047556
512,898645
513,867234
514,1072813
515,1085129
516,1121116
517,917050
518,1098558
519,1130227
520,983587
521,794436
522,1002298
523,1106245
524,1036297
525,1071579
526,1167297
527,943447
528,898851
529,1092740
530,1134915
531,1046784
532,868794
533,938044
534,982107
535,977161
536,1096859
537,837918
538,952808
539,1161829
540,926503
541,1031223
542,535342
543,1013869
544,970359
545,1079335
546,1208258
547,848187
548,1179228
549,929630
550,1034753
551,1100084
552,847245
553,982933
554,907980
555,1186645
556,1098701
557,863896
558,738094
559,873718
560,1075640
561,1244044
562,1054659
563,864118
564,1108648
565,933829
566,1264414
567,833664
568,1074176
569,1286375
570,955382
571,1096773
572,1145622
573,1146905
574,1061689
575,1170168
576,1108031
577,1089548
578,1001125
579,1148838
580,887803
581,865320
582,1074197
583,873177
584,994682
585,1120356
586,1127158
587,1110613
588,867730
589,798435
590,1072381
591,1089401
592,1076734
593,1166189
594,929295
595,1065310
596,1234479
597,1125971
598,848940
599,1101315
600,1104317
601,1102048
602,1214804
603,931612
604,988761
605,1135173
606,1096103
607,874580
608,1050760
609,849491
610,833541
611,1204369
612,1082092
613,1305230
614,1021866
615,946486
616,1204289
617,845487
618,857604
619,870457
620,1000987
621,968293
622,968436
623,959583
624,1038653
625,936098
626,1174828
627,958871
628,528131
629,882740
630,943859
631,951651
632,1068783
633,897127
634,970672
635,1157923
636,829240
637,888830
638,875392
639,952036
640,1044004
641,875060
642,1123530
643,938604
644,1253047
645,952677
646,1238735
647,921447
648,1054381
649,938566
650,1004501
651,1090640
652,1105150
653,906782
654,991792
655,1278969
656,842381
657,1068535
658,866088
659,914353
660,954770
661,1045316
662,1067082
663,1221696
664,1045525
665,922312
666,1098007
667,1132811
668,847509
669,840741
670,1136084
671,1021724
672,1241860
673,807942
674,1083348
675,919515
676,933517
677,1072056
678,886062
679,771731
680,989845
681,963921
682,1139022
683,976196
684,1037406
685,1146842
686,943926
687,878249
688,788480
689,831046
690,1079721
691,1092996
692,1083709
693,1065285
694,1219003
695,1083342
696,1078219
697,885862
698,1138207
699,1368355
700,1050303
701,1124852
702,1136130
703,948852
704,798147
705,1198881
706,1197620
707,1043465
708,1159573
709,948867
710,917030
711,1284081
712,941872
713,998780
714,969446
715,1087442
716,874875
717,1185939
718,1176916
719,898481
720,1080335
721,882649
722,921669
723,864661
724,1020870
725,693730
726,1082316
727,1083335
728,866652
729,794880
730,1191824
731,1099779
732,957867
733,827385
734,1089193
735,1082543
736,1262345
737,942202
738,1171481
739,1075362
740,1226835
741,1233412
742,1087352
743,835436
744,943129
745,1199609
746,1168110
747,857459
748,850644
749,888956
750,1095509
751,1093390
752,1142760
753,796642
754,1005047
755,1135337
756,872075
757,1045397
758,699365
759,888679
760,1106132
761,1132157
762,968739
763,876838
764,1057958
765,1063458
766,891475
767,1211115
768,846765
769,893899
770,1084073
771,871867
772,1062712
773,1024320
774,1246898
775,1126453
776,880772
777,1122106
778,858867
779,961791
780,979453
781,917062
782,1102193
783,1217368
784,1070491
785,1072661
786,1310713
787,919133
788,1082837
789,1267209
790,1011331
791,1205748
792,970103
793,1024805
794,1106822
795,932089
796,1104310
797,1226068
798,1084036
799,1408325
800,925057
801,1104407
802,1087196
803,1086702
804,823878
805,1234068
806,1042780
807,1183616
808,1095305
809,963451
810,894274
811,891756
812,1089114
813,1160822
814,1105893
815,954244
816,1092984
817,1264546
818,1097038
819,1114967
820,853724
821,1044945
822,1190419
823,1133981
824,819650
825,1093523
826,880525
827,1114075
828,1197016
829,704957
830,1190002
831,857440
832,1094053
833,1188458
834,916400
835,1139683
836,1258239
837,936641
838,1164259
839,1228145
840,1192884
841,1007694
842,1147928
843,1201456
844,1069152
845,1102993
846,1045517
847,1158240
848,1072608
849,708927
850,1098382
851,1213822
852,1075379
853,1183482
854,891045
855,1119154
856,972317
857,1064644
858,882666
859,951043
860,1140272
861,1150325
862,1129477
863,1011936
864,884159
865,1079107
866,1204451
867,1142947
868,860298
869,873627
870,1078038
871,1053691
872,1084856
873,1086536
874,776342
875,657541
876,611279
877,493790
878,367676
879,550363
880,521833
881,436837
882,532956
883,502568
884,486959
885,477963
886,433218
887,461428
888,276323
889,323111
890,440275
891,284548
892,1268082
893,900935
894,1103237
895,975112
896,1115141
897,1106437
898,1047120
899,1091572
900,879844
901,926084
902,1233930
903,1260456
904,917749
905,1191108
906,863807
907,1061433
908,1103225
909,858377
910,971479
911,969189
912,1172500
913,1089552
914,1088905
915,1036681
916,1144018
917,1099300
918,952032
919,882233
920,993867
921,966122
922,1190579
923,974598
924,829580
925,961010
926,983826
927,1093045
928,1072427
929,725875
930,970969
931,955644
932,1019976
933,1208275
934,952356
935,1128536
936,804226
937,1063999
938,891090
939,855246
940,902117
941,1125101
942,991463
943,846708
944,872939
945,968386
946,1233186
947,1105114
948,972201
949,905816
950,856360
951,902218
952,968827
953,1057410
954,1117433
955,1108187
956,930611
957,1005928
958,1194804
959,834685
960,1162139
961,1036614
962,1148730
963,1081028
964,872460
965,1128388
966,997983
967,1213349
968,1053554
969,947805
970,841658
971,1072188
972,1207791
973,1070658
974,1290174
975,1065911
976,986317
977,1049987
978,929208
979,937707
980,1107228
981,844346
982,1033409
983,1120941
984,884787
985,1226088
986,1110559
987,1236746
988,1209219
989,1089432
990,981591
991,1067989
992,1083853
993,1269464
994,1001524
995,1070817
996,1104881
997,1051200
998,1063736
999,1285667
1000,866250
1001,1073844
1002,1199776
1003,976533
1004,1078201
1005,872360
1006,1055650
1007,865684
1008,1092086
1009,1072171
1010,1208079
1011,845549
1012,1264708
1013,1138643
1014,907637
1015,986719
1016,1130613
1017,1014579
1018,1106869
1019,1087901
1020,1034453
1021,1024886
1022,1225928
1023,1096064
1024,1217645
1025,1109658
1026,962954
1027,718116
1028,819865
1029,548571
1030,826791
1031,904256
1032,1062541
1033,1127636
1034,866357
1035,954979
1036,1125910
1037,1115608
1038,905267
1039,1206372
1040,861437
1041,1181439
1042,1173244
1043,935323
1044,1040461
1045,1235944
1046,1122182
1047,1140976
1048,1098439
1049,1132779
1050,1127373
1051,1123725
1052,953015
1053,1157476
1054,880353
1055,1211960
1056,1061541
1057,1095568
1058,988206
1059,859406
1060,921136
1061,1080879
1062,1286062
1063,875771
1064,1081760
1065,1151174
1066,938398
1067,1081254
1068,1067582
1069,1176707
1070,1243871
1071,890329
1072,1133231
1073,1219985
1074,1012457
1075,859808
1076,1037882
1077,1105645
1078,1017340
1079,929860
1080,911918
1081,1023690
1082,1090223
1083,1242503
1084,908673
1085,1211153
1086,806749
1087,1173431
1088,1229304
1089,1112030
1090,943416
1091,1224903
1092,1067349
1093,1071670
1094,1184503
1095,1131864
1096,926817
1097,1192745
1098,1134048
1099,1332876
1100,874080
1101,1082636
1102,1084479
1103,1155259
1104,1169615
1105,873599
1106,1099027
1107,1173058
1108,878287
1109,1072614
1110,976368
1111,1132185
1112,1020592
1113,1242422
1114,939501
1115,948697
1116,1196587
1117,1012875
1118,1064294
1119,974625
1120,904979
1121,1093954
1122,1130501
1123,858048
1124,1003656
1125,536108
1126,1065713
1127,1231904
1128,1046860
1129,743411
1130,1055045
1131,924539
1132,1064855
1133,1165244
1134,1105821
1135,903419
1136,1075361
1137,880995
1138,1091284
1139,1092774
1140,835559
1141,931105
1142,1081556
1143,890331
1144,1101211
1145,881300
1146,1166314
1147,1071911
1148,932275
1149,1066542
1150,936402
1151,877334
1152,1161916
1153,887926
1154,1204926
1155,1113327
1156,1067563
1157,1073727
1158,1138415
1159,814531
1160,886471
1161,1146108
1162,973909
1163,940834
1164,1079743
1165,894103
1166,914505
1167,867995
1168,919037
1169,1217878
1170,978164
1171,1045239
1172,1258816
1173,1054378
1174,1149223
1175,1277400
1176,1103212
1177,1040761
1178,1232596
1179,1092719
1180,854045
1181,825777
1182,1120850
1183,1189500
1184,971043
1185,943830
1186,838929
1187,976291
1188,1250926
1189,1085028
1190,1020530
1191,866330
1192,1114384
1193,935142
1194,1069467
1195,815950
1196,1108324
1197,1181041
1198,1028735
1199,1403018
1200,845381
1201,1115593
1202,989686
1203,1203941
1204,867664
1205,1099404
1206,1115933
1207,1089847
1208,1193158
1209,1054710
1210,904765
1211,872991
1212,1201434
1213,892210
1214,1064604
1215,899573
1216,1124137
1217,1098685
1218,1085421
1219,1202697
1220,1050105
1221,967642
1222,1158083
1223,1127632
1224,1028030
1225,1240614
1226,1103862
1227,893847
1228,999998
1229,1137735
1230,1157949
1231,1222843
1232,991190
1233,1225026
1234,967017
1235,1210267
1236,820971
1237,1135414
1238,1253047
1239,980354
1240,1018688
1241,1096636
1242,1055160
1243,1115797
1244,959308
1245,1093859
1246,1175320
1247,945887
1248,1169193
1249,1080599
1250,1198863
1251,1175119
1252,1166271
1253,1101761
1254,950781
1255,1242404
1256,954326
1257,1049448
1258,1210460
1259,1100959
1260,1075733
1261,912886
1262,1159556
1263,1088260
1264,1088495
1265,991907
1266,882836
1267,1104967
1268,1116924
1269,958126
1270,1147429
1271,812576
1272,1178246
1273,924076
1274,1077944
1275,1119538
1276,873663
1277,1107973
1278,861916
1279,943476
1280,1005963
1281,1134124
1282,1092389
1283,931840
1284,1134136
1285,1211239
1286,1179333
1287,1233071
1288,1197286
1289,1118294
1290,1115574
1291,1247259
1292,1054675
1293,1094065
1294,974534
1295,1215979
1296,899440
1297,1071303
1298,1208073
1299,1207299
1300,1133225
1301,877421
1302,1188105
1303,940676
1304,1133388
1305,1218469
1306,1004015
1307,1124244
1308,1009211
1309,1133474
1310,1015051
1311,851198
1312,1172969
1313,949406
1314,1044116
1315,1184106
1316,982155
1317,1098760
1318,885829
1319,1097512
1320,1141700
1321,833269
1322,1138670
1323,916700
1324,1060231
1325,1108906
1326,847361
1327,1060739
1328,1135452
1329,927347
1330,1019251
1331,853598
1332,1061179
1333,1283563
1334,1099127
1335,1072160
1336,1254555
1337,891336
1338,1037552
1339,1079672
1340,1127357
1341,901486
1342,1090241
1343,1088026
1344,1017453
1345,1102204
1346,941437
1347,1086507
1348,944159
1349,1118809
1350,1202815
1351,811173
1352,928497
1353,795401
1354,1125210
1355,1194167
1356,904641
1357,1044384
1358,1088206
1359,817259
1360,1132295
1361,789881
1362,932978
1363,1051715
1364,1215189
1365,1091341
1366,858414
1367,854505
1368,1145244
1369,1157884
1370,1091891
1371,691212
1372,1068937
1373,1089107
1374,1206123
1375,1210747
1376,819393
1377,1011457
1378,901399
1379,1081222
1380,976597
1381,955107
1382,982195
1383,1079620
1384,1059203
1385,928679
1386,760942
1387,195049
1388,715240
1389,714620
1390,612070
1391,404027
1392,556598
1393,575101
1394,435792
1395,529775
1396,377784
1397,515185
1398,450145
1399,708016
1400,491599
1401,288105
1402,353224
1403,365024
1404,496216
1405,368505
1406,565835
1407,500420
1408,496612
1409,479002
1410,1303958
1411,946900
1412,1079764
1413,945555
1414,1085493
1415,924413
1416,950776
1417,1078200
1418,1158866
1419,1288789
1420,1079608
1421,961123
1422,1172031
1423,932135
1424,1053845
1425,1129836
1426,917394
1427,984122
1428,910164
1429,1085477
1430,1148940
1431,987212
1432,1066243
1433,863818
1434,1037480
1435,1202873
1436,1231920
1437,1043747
1438,1294355
1439,1127671
1440,1171001
1441,908748
1442,1094770
1443,967208
1444,1080427
1445,1075484
1446,942949
1447,1071305
1448,1131328
1449,1021884
1450,1241328
1451,873477
1452,1074708
1453,849610
1454,1135665
1455,1289416
1456,892767
1457,1068979
1458,865154
1459,908757
1460,922867
1461,873211
1462,1200026
1463,937580
1464,1009173
1465,1088753
1466,935021
1467,1136760
1468,939722
1469,942801
1470,1167715
1471,900743
1472,1210437
1473,857884
1474,973769
1475,1106414
1476,959754
1477,1125602
1478,1183028
1479,1213367
1480,1080897
1481,928035
1482,1179355
1483,1195314
1484,962618
1485,858225
1486,1066474
1487,1027096
1488,1226736
1489,769555
1490,1169931
1491,904977
1492,1128448
1493,980129
1494,1097806
1495,956141
1496,1213587
1497,850401
1498,1019758
1499,1364371
1500,897641
1501,1048753
1502,1158015
1503,1131780
1504,1113220
1505,1177712
1506,983318
1507,953563
1508,1119053
1509,984169
1510,1069667
1511,886936
1512,1096252
1513,1054720
1514,952802
1515,1079042
1516,1109961
1517,1081124
1518,1192426
1519,959070
1520,1153685
1521,997142
1522,1027165
1523,966533
1524,996538
1525,521578
1526,997150
1527,971944
1528,858454
1529,1099583
1530,747306
1531,1183898
1532,822240
1533,857619
1534,872877
1535,1007975
1536,832406
1537,1142995
1538,1263113
1539,935695
1540,1031574
1541,1138507
1542,366144
1543,495813
1544,474139
1545,414791
1546,483070
1547,482216
1548,462107
1549,590940
1550,335885
1551,482108
1552,405477
1553,431815
1554,471412
1555,356844
1556,409294
1557,470836
1558,580082
1559,330795
1560,833931
1561,563116
1562,461758
1563,573553
1564,390828
1565,519506
1566,540982
1567,624407
1568,569950
1569,391587
1570,518336
1571,1233189
1572,1212273
1573,1076878
1574,986571
1575,937382
1576,938300
1577,1161963
1578,1116840
1579,927245
1580,1207735
1581,1055451
1582,1091934
1583,856678
1584,1033522
1585,1234124
1586,863606
1587,1019193
1588,1090830
1589,1090775
1590,902125
1591,970233
1592,863973
1593,1078636
1594,1185906
1595,1059905
1596,1236519
1597,850988
1598,1083811
1599,1180495
1600,1060693
1601,905792
1602,890234
1603,1068424
1604,1077014
1605,904381
1606,1093817
1607,853487
1608,1069756
1609,1199721
1610,1085991
1611,869043
1612,868832
1613,899122
1614,1065376
1615,877162
1616,963717
1617,821751
1618,1139462
1619,1143696
1620,1128732
1621,1220281
1622,842821
1623,948360
1624,1073134
1625,1096391
1626,983064
1627,726241
1628,1076123
1629,1136971
1630,1048544
1631,912382
1632,848251
1633,1024552
1634,870380
1635,1095185
1636,1133397
1637,882802
1638,1112972
1639,1246024
1640,931648
1641,854794
1642,866035
1643,1080617
1644,1075510
1645,1136610
1646,1184973
1647,909382
1648,1025643
1649,1148859
1650,1193913
1651,963381
1652,969045
1653,879367
1654,1081111
1655,1272019
1656,978772
1657,850269
1658,910618
1659,1130469
1660,1088144
1661,1058637
1662,890481
1663,1154163
1664,982387
1665,1057141
1666,1252277
1667,1143910
1668,860347
1669,891167
1670,1082296
1671,735495
1672,822087
1673,1061650
1674,1083175
1675,971905
1676,1186264
1677,829307
1678,1028637
1679,1139182
1680,1076957
1681,1175943
1682,878412
1683,912417
1684,1126389
1685,1120489
1686,826740
1687,885196
1688,1096956
1689,902404
1690,963422
1691,1089854
1692,952758
1693,997820
1694,929257
1695,1039976
1696,1244120
1697,873141
1698,1054674
1699,1351103
1700,1092991
1701,1109969
1702,760408
1703,1031435
1704,867927
1705,1221391
1706,1119789
1707,840128
1708,1117058
1709,1164410
1710,1160751
1711,896689
1712,1139023
1713,1195323
1714,1086103
1715,983423
1716,1062969
1717,1059660
1718,1212065
1719,947199
1720,1170452
1721,1022636
1722,871172
1723,1083130
1724,881985
1725,848570
1726,1220867
1727,1025068
1728,1068284
1729,1116362
1730,1022267
1731,1116409
1732,821998
1733,792915
1734,1181328
1735,907344
1736,1059176
1737,1064911
1738,1079588
1739,857678
1740,1031675
1741,1121863
1742,851698
1743,1057379
1744,940433
1745,958790
1746,1123694
1747,1160593
1748,1144548
1749,1173523
1750,946761
1751,1177681
1752,957970
1753,954701
1754,1061266
1755,1205251
1756,1078170
1757,1188478
1758,880175
1759,992023
1760,980250
1761,964431
1762,1149791
1763,912646
1764,1088832
1765,1179142
1766,951312
1767,1120338
1768,1045160
1769,1080665
1770,953617
1771,1098923
1772,877867
1773,928974
1774,865677
1775,1047301
1776,1107578
1777,1025184
1778,1216475
1779,937384
1780,978098
1781,1069219
1782,886538
1783,825206
1784,1078665
1785,901897
1786,1097127
1787,874815
1788,870051
1789,1016685
1790,1146752
1791,1101711
1792,1237657
1793,942123
1794,1109147
1795,937692
1796,991916
1797,528287
1798,848551
1799,1270102
1800,1113015
1801,1170339
1802,865134
1803,1019118
1804,1148597
1805,1154825
1806,947196
1807,1050403
1808,878035
1809,867120
1810,1130773
1811,891251
1812,938414
1813,872020
1814,1144349
1815,1072374
1816,1081104
1817,1156269
1818,875447
1819,1071752
1820,1174864
1821,952026
1822,1052050
1823,852184
1824,1099958
1825,1245760
1826,1118785
1827,971861
1828,535613
1829,1183674
1830,1075758
1831,1238090
1832,837537
1833,873255
1834,1089479
1835,1110640
1836,827808
1837,934444
1838,899131
1839,961489
1840,1039569
1841,1189327
1842,1060746
1843,845057
1844,1030703
1845,1061772
1846,1154778
1847,1132613
1848,1140067
1849,1191097
1850,883141
1851,1018396
1852,928868
1853,1006760
1854,1103379
1855,903312
1856,1078302
1857,946681
1858,901692
1859,1056122
1860,1079254
1861,1117003
1862,1150031
1863,873867
1864,1166603
1865,1092098
1866,931302
1867,903564
1868,926779
1869,1046641
1870,1094961
1871,912835
1872,937927
1873,864032
1874,1091178
1875,824697
1876,1121438
1877,1091925
1878,952548
1879,857988
1880,924086
1881,959133
1882,1240957
1883,867913
1884,1076521
1885,813215
1886,1116613
1887,1120538
1888,886697
1889,1159897
1890,994694
1891,1062213
1892,1120841
1893,871896
1894,1073086
1895,1085342
1896,1170679
1897,1094104
1898,851174
1899,1346627
1900,1078112
1901,1103137
1902,936757
1903,1196622
1904,1052396
1905,970945
1906,1198816
1907,1111167
1908,891213
1909,1061867
1910,933763
1911,1067750
1912,1174608
1913,870772
1914,870515
1915,955692
1916,900337
1917,1081943
1918,877850
1919,1109523
1920,1110451
1921,863262
1922,1068110
1923,882225
1924,946870
1925,549839
1926,1193698
1927,1121107
1928,866141
1929,1092318
1930,675644
1931,1168612
1932,966235
1933,889587
1934,1128843
1935,1098467
1936,881019
1937,1113154
1938,850234
1939,1103380
1940,932662
1941,970681
1942,1086707
1943,871732
1944,1134645
1945,1167048
1946,1125954
1947,893810
1948,1057840
1949,875675
1950,1125897
1951,919640
1952,1041979
1953,862954
1954,856795
1955,950144
1956,883999
1957,932758
1958,1056858
1959,1168108
1960,741449
1961,959206
1962,1123353
1963,1173547
1964,1162207
1965,971266
1966,1266131
1967,846346
1968,929509
1969,1067392
1970,1093122
1971,754316
1972,588505
1973,1194600
1974,1181132
1975,1070374
1976,1114026
1977,1009310
1978,1055954
1979,1159924
1980,1177741
1981,1063974
1982,1213446
1983,841944
1984,940162
1985,1000499
1986,1002337
1987,1092689
1988,1207003
1989,854353
1990,1062246
1991,994686
1992,1068873
1993,850396
1994,961397
1995,1084796
1996,1209982
1997,974475
1998,1103901
1999,1211514
2000,1115426
2001,1124726
2002,1082555
2003,1338278
2004,865367
2005,923251
2006,1125170
2007,945868
2008,1028037
2009,1213416
2010,917127
2011,979782
2012,925992
2013,856310
2014,862624
2015,919097
2016,1039818
2017,990576
2018,1229121
2019,865269
2020,1102848
2021,1153404
2022,1095209
2023,882218
2024,996360
2025,1154343
2026,831095
2027,1040158
2028,526283
2029,982017
2030,949680
2031,962272
2032,1066249
2033,1251550
2034,1257950
2035,867920
2036,1068970
2037,1132976
2038,886426
2039,880905
2040,983604
2041,1110292
2042,1066262
2043,855964
2044,1124453
2045,1024689
2046,1183942
2047,1089851
2048,970666
2049,947582
2050,1087358
2051,1185907
2052,1089616
2053,862991
2054,890748
2055,796104
2056,1117262
2057,1077242
2058,953003
2059,826857
2060,1075654
2061,949390
2062,906522
2063,1234125
2064,858468
2065,1064083
2066,1194145
2067,1072402
2068,859141
2069,884235
2070,1081897
2071,1230645
2072,1105043
2073,1263348
2074,871558
2075,1051052
2076,1206230
2077,1073234
2078,861546
2079,1106511
2080,947240
2081,1069471
2082,1111664
2083,835227
2084,896282
2085,1096920
2086,933320
2087,1066972
2088,1268406
2089,981908
2090,1122547
2091,912102
2092,1051844
2093,931912
2094,874325
2095,962760
2096,1126946
2097,1085360
2098,1111591
2099,1016547
2100,1147957
2101,1083357
2102,1227481
2103,852105
2104,852105
2105,1108468
2106,1109317
2107,1017634
2108,1065903
2109,855418
2110,1076967
2111,1088823
2112,1180248
2113,882225
2114,1054783
2115,1030817
2116,1086712
2117,1095710
2118,1100634
2119,884962
2120,1074588
2121,812715
2122,946388
2123,886193
2124,1094333
2125,944823
2126,1068099
2127,1262642
2128,928463
2129,922740
2130,944236
2131,1185288
2132,1079125
2133,1163646
2134,889788
2135,848741
2136,822335
2137,1059348
2138,833992
2139,1212217
2140,842878
2141,1069038
2142,1109340
2143,859848
2144,939239
2145,945692
2146,1163489
2147,958402
2148,1149366
2149,897146
2150,1062654
2151,948466
2152,1136429
2153,865770
2154,960608
2155,916001
2156,1053581
2157,1114280
2158,931987
2159,1050250
2160,714427
2161,536598
2162,642842
2163,354831
2164,539211
2165,491636
2166,503866
2167,333734
2168,467042
2169,323792
2170,469185
2171,473909
2172,379474
2173,461136
2174,464102
2175,443728
2176,1474258
2177,963002
2178,1000830
2179,1199254
2180,1135069
2181,981917
2182,1080420
2183,1148991
2184,1091705
2185,1038489
2186,903642
2187,1087485
2188,1245552
2189,1250030
2190,947654
2191,1079663
2192,1203359
2193,942558
2194,1059117
2195,1101690
2196,831038
2197,1043255
2198,1170865
2199,1334431
2200,952835
2201,1115262
2202,1194085
2203,1072649
2204,1083955
2205,837356
2206,1005030
2207,532521
2208,505975
2209,481696
2210,526832
2211,455582
2212,303059
2213,476714
2214,319583
2215,472642
2216,477160
2217,494224
2218,493742
2219,492730
2220,460770
2221,453635
2222,522893
2223,1265850
2224,1180149
2225,1205212
2226,1059423
2227,1029441
2228,587385
2229,1196048
2230,983052
2231,1204448
2232,966853
2233,1264178
2234,1166372
2235,839792
2236,1114515
2237,1037532
2238,1062450
2239,1091713
2240,947126
2241,1100412
2242,995358
2243,1057281
2244,1127196
2245,941324
2246,1171308
2247,1078215
2248,902962
2249,1061426
2250,905801
2251,988491
2252,1260907
2253,716118
2254,531652
2255,908126
2256,1060401
2257,1082856
2258,927879
2259,901437
2260,841153
2261,881950
2262,1094247
2263,940358
2264,1100835
2265,1179428
2266,1024861
2267,911720
2268,860885
2269,1082396
2270,888591
2271,769370
2272,1128834
2273,1062767
2274,956564
2275,890322
2276,1072582
2277,1097189
2278,952033
2279,1004092
2280,881785
2281,1080475
2282,984818
2283,1218260
2284,1182665
2285,837991
2286,1009790
2287,1087126
2288,1118796
2289,948970
2290,839313
2291,913813
2292,1202038
2293,947712
2294,1090351
2295,861617
2296,1018840
2297,1082199
2298,897851
2299,1340954
2300,1068724
2301,1105513
2302,933848
2303,1017482
2304,871288
2305,1082669
2306,919287
2307,1035910
2308,1059255
2309,1168452
2310,966917
2311,885518
2312,1077927
2313,1140320
2314,884437
2315,1055670
2316,1048582
2317,1095380
2318,934826
2319,1045085
2320,874634
2321,872969
2322,913010
2323,1040607
2324,832420
2325,820650
2326,1121683
2327,1227218
2328,1132951
2329,1144500
2330,903280
2331,1027063
2332,1166059
2333,1041809
2334,871990
2335,1201444
2336,1104110
2337,994091
2338,919248
2339,910589
2340,1089432
2341,734086
2342,997957
2343,814263
2344,517841
2345,583694
2346,405623
2347,450730
2348,478239
2349,533620
2350,423199
2351,453726
2352,450636
2353,421660
2354,274677
2355,339452
2356,541518
2357,526360
2358,450792
2359,541108
2360,375193
2361,460590
2362,584845
2363,529550
2364,379878
2365,518772
2366,1017830
2367,1113968
2368,840666
2369,873717
2370,893242
2371,955813
2372,976290
2373,1161529
2374,1223505
2375,977665
2376,1052309
2377,1084871
2378,1105327
2379,870163
2380,1097634
2381,1068584
2382,1117244
2383,995838
2384,854259
2385,990351
2386,1127291
2387,942083
2388,1150255
2389,1097425
2390,1136941
2391,1106172
2392,1120384
2393,1118190
2394,1098295
2395,1009708
2396,1214604
2397,1115750
2398,1088629
2399,1219955
2400,1020185
2401,1001594
2402,1018738
2403,877853
2404,967557
2405,1178910
2406,985751
2407,1092069
2408,1105625
2409,938845
2410,1042165
2411,617424
2412,911657
2413,1186574
2414,864244
2415,1071532
2416,879715
2417,1094164
2418,840253
2419,1091929
2420,1126684
2421,886470
2422,540018
2423,1101041
2424,973645
2425,929665
2426,1096823
2427,1138845
2428,1171187
2429,1137890
2430,1011017
2431,725472
2432,1137820
2433,1243320
2434,1002254
2435,1086885
2436,808574
2437,1097537
2438,1100849
2439,869966
2440,1204260
2441,960372
2442,1088926
2443,1072020
2444,836132
2445,838111
2446,1182632
2447,1098597
2448,1077199
2449,1203081
2450,1101683
2451,1211543
2452,1015942
2453,1151959
2454,886337
2455,1201791
2456,866042
2457,1107723
2458,974794
2459,1095774
2460,1145541
2461,861554
2462,1134828
2463,975593
2464,969061
2465,875228
2466,900676
2467,930226
2468,1080569
2469,999889
2470,1094549
2471,882241
2472,1056031
2473,1154972
2474,878649
2475,1111080
2476,1094516
2477,1114591
2478,995235
2479,1092426
2480,1095100
2481,965421
2482,1072081
2483,1235421
2484,867808
2485,1063384
2486,971475
2487,908890
2488,1190989
2489,1107744
2490,1074831
2491,1244431
2492,894587
2493,1029981
2494,934945
2495,1107293
2496,1195453
2497,978144
2498,1105643
2499,1199091
2500,1059071
2501,1206482
2502,1214843
2503,1021704
2504,1077659
2505,1156766
2506,906059
2507,1083568
2508,1123238
2509,949193
2510,1213210
2511,898004
2512,1095093
2513,969147
2514,952860
2515,885767
2516,796256
2517,1197285
2518,839102
2519,950566
2520,1118762
2521,883083
2522,986859
2523,1092806
2524,1081997
2525,1173366
2526,983316
2527,1085168
2528,925484
2529,971916
2530,1270200
2531,778761
2532,1199642
2533,1106020
2534,1046409
2535,1136677
2536,886916
2537,1078910
2538,1204520
2539,944858
2540,1230145
2541,850824
2542,1107211
2543,1103177
2544,1123428
2545,1053125
2546,876092
2547,1062968
2548,1099231
2549,1205780
2550,1100799
2551,824930
2552,880879
2553,1189749
2554,1099873
2555,758956
2556,1168962
2557,961612
2558,990373
2559,1086570
2560,1076197
2561,923303
2562,1078355
2563,1080092
2564,1069338
2565,778140
2566,1064019
2567,1170616
2568,1157182
2569,966722
2570,1139093
2571,824473
2572,530061
2573,990188
2574,898516
2575,1143063
2576,932574
2577,1046891
2578,883935
2579,1086644
2580,960455
2581,1103431
2582,992297
2583,1119327
2584,1067558
2585,856350
2586,790456
2587,1109333
2588,854826
2589,855786
2590,883788
2591,917724
2592,1084049
2593,1241748
2594,930551
2595,1318408
2596,953212
2597,1063707
2598,1186649
2599,1312915
2600,980775
2601,835299
2602,753118
2603,859285
2604,1124529
2605,1193576
2606,890580
2607,1106267
2608,1135627
2609,941285
2610,1082774
2611,998006
2612,832181
2613,1053563
2614,1101294
2615,796512
2616,638338
2617,546437
2618,610929
2619,914880
2620,723827
2621,574745
2622,563673
2623,534756
2624,517006
2625,319119
2626,508406
2627,355781
2628,560553
2629,638030
2630,449880
2631,393827
2632,878165
2633,584547
2634,606662
2635,449046
2636,566500
2637,501259
2638,378578
2639,366415
2640,531401
2641,527316
2642,592515
2643,494657
2644,555269
2645,467889
2646,490308
2647,372391
2648,474879
2649,1054236
2650,1163858
2651,987068
2652,1047479
2653,844589
2654,1102950
2655,1194252
2656,1074059
2657,1067216
2658,966834
2659,1210919
2660,1102371
2661,932524
2662,1133323
2663,866423
2664,1109954
2665,878993
2666,908721
2667,866436
2668,1011849
2669,914183
2670,1082498
2671,1080596
2672,1044926
2673,882065
2674,1069829
2675,882321
2676,1061035
2677,1035544
2678,860145
2679,1245440
2680,967079
2681,1080169
2682,1167321
2683,863929
2684,913146
2685,858784
2686,872471
2687,1175748
2688,1078016
2689,1084973
2690,1086232
2691,1016630
2692,1162308
2693,1094484
2694,886258
2695,884217
2696,1039070
2697,1118288
2698,920691
2699,1425722
2700,887173
2701,865075
2702,842571
2703,1077022
2704,933338
2705,881198
2706,1172399
2707,823931
2708,963926
2709,1225470
2710,1092598
2711,1247627
2712,841254
2713,901283
2714,884945
2715,867024
2716,1098327
2717,847247
2718,535097
2719,1015902
2720,1157446
2721,991082
2722,572780
2723,1160102
2724,906352
2725,548247
2726,1060196
2727,832984
2728,1078802
2729,922549
2730,1229477
2731,828742
2732,924343
2733,1003345
2734,1092702
2735,945865
2736,807279
2737,953951
2738,1062191
2739,938167
2740,1081795
2741,1099522
2742,988405
2743,990622
2744,983989
2745,969552
2746,1172355
2747,1196438
2748,1179039
2749,1178710
2750,1094489
2751,1086794
2752,880723
2753,1111370
2754,959751
2755,954133
2756,1107613
2757,957119
2758,977868
2759,980441
2760,1130699
2761,863732
2762,914987
2763,1024536
2764,1140205
2765,1198870
2766,1198788
2767,854245
2768,1008389
2769,1201434
2770,1096229
2771,991973
2772,1000038
2773,1142351
2774,965584
2775,917577
2776,1094587
2777,859969
2778,1068421
2779,1124140
2780,1093798
2781,958383
2782,913129
2783,1252580
2784,942103
2785,939028
2786,1051372
2787,891151
2788,964934
2789,1063313
2790,1055887
2791,1093140
2792,882577
2793,966663
2794,1141711
2795,959673
2796,936347
2797,854507
2798,1109715
2799,1365372
2800,1109267
2801,1197181
2802,962571
2803,1259360
2804,1103135
2805,895635
2806,992243
2807,912398
2808,1061771
2809,1089833
2810,1016305
2811,1076409
2812,879306
2813,1084195
2814,958659
2815,846166
2816,1208777
2817,907815
2818,1122456
2819,1185614
2820,1094993
2821,963982
2822,909384
2823,917988
2824,1058263
2825,840292
2826,946578
2827,885103
2828,536698
2829,1221181
2830,917811
2831,1206437
2832,531435
2833,1094640
2834,992537
2835,718010
2836,1095762
2837,901365
2838,1101627
2839,1114835
2840,934536
2841,1212808
2842,1010305
2843,940211
2844,1110860
2845,939291
2846,1202786
2847,923353
2848,1171267
2849,1166751
2850,1119750
2851,1088946
2852,1240486
2853,1104677
2854,1147556
2855,1241800
2856,1110121
2857,966705
2858,1099941
2859,949392
2860,1057951
2861,952711
2862,1149602
2863,1167095
2864,1112500
2865,993154
2866,868703
2867,997627
2868,1146752
2869,1069898
2870,1174152
2871,732682
2872,987478
2873,1129678
2874,1142065
2875,1236276
2876,1013919
2877,1196414
2878,1199866
2879,1200706
2880,1017393
2881,1206437
2882,1133630
2883,894635
2884,1070412
2885,945297
2886,840057
2887,1079892
2888,1080817
2889,1110499
2890,920946
2891,1185031
2892,993293
2893,930595
2894,1185934
2895,1172139
2896,951973
2897,1070639
2898,1025922
2899,1322145
2900,1111417
2901,918926
2902,1038277
2903,849384
2904,1124867
2905,1159278
2906,913078
2907,1069387
2908,1155381
2909,1097847
2910,1125152
2911,923493
2912,1065100
2913,1215469
2914,1100415
2915,1099086
2916,1174505
2917,1149588
2918,1116825
2919,1045840
2920,1028266
2921,888643
2922,933529
2923,858826
2924,1082411
2925,820166
2926,1105986
2927,1111016
2928,889207
2929,946660
2930,1057246
2931,1187061
2932,1185325
2933,920948
2934,1085249
2935,1034327
2936,816373
2937,955741
2938,883733
2939,1059862
2940,968838
2941,1080889
2942,936459
2943,1209724
2944,1125465
2945,942744
2946,1219488
2947,1102120
2948,792730
2949,1053211
2950,1125645
2951,1233724
2952,980778
2953,944290
2954,883739
2955,1093179
2956,858543
2957,1019643
2958,1181604
2959,1224781
2960,1087818
2961,735734
2962,470372
2963,520763
2964,587048
2965,384774
2966,405911
2967,499434
2968,347530
2969,490363
2970,476960
2971,462042
2972,482976
2973,328349
2974,502428
2975,473468
2976,511000
2977,485675
2978,538774
2979,446547
2980,1231825
2981,1052230
2982,1146814
2983,952292
2984,1174995
2985,1029917
2986,1067514
2987,959814
2988,1212470
2989,1183717
2990,1084414
2991,1129266
2992,1017931
2993,1073814
2994,1145495
2995,930229
2996,1002774
2997,931312
2998,909687
2999,1267966
3000,1100333
3001,1230004
3002,1069093
3003,902706
3004,1109769
3005,905171
3006,1105881
3007,918166
3008,962556
3009,1088979
3010,1185267
3011,1036636
3012,1101040
3013,895173
3014,1084483
3015,1074705
3016,980313
3017,1146903
3018,899135
3019,1101674
3020,977944
3021,843488
3022,714843
3023,909321
3024,1066358
3025,1011190
3026,875889
3027,980004
3028,528007
3029,544969
3030,1140309
3031,1172896
3032,1167860
3033,1096763
3034,1219741
3035,957975
3036,762758
3037,992017
3038,887365
3039,1141460
3040,1111983
3041,1256136
3042,878430
3043,1104845
3044,927090
3045,956119
3046,888788
3047,951988
3048,1070922
3049,1186744
3050,945305
3051,1121374
3052,1118300
3053,896078
3054,1059073
3055,1204506
3056,944626
3057,1117381
3058,925945
3059,1073073
3060,1089621
3061,861081
3062,1157373
3063,934563
3064,1171831
3065,858979
3066,879973
3067,1065123
3068,1062669
3069,1057399
3070,1107303
3071,1100991
3072,916994
3073,1087343
3074,937631
3075,1029539
3076,960506
3077,945651
3078,955921
3079,1154043
3080,1058067
3081,1092786
3082,879652
3083,1198148
3084,1186500
3085,1085754
3086,879811
3087,875175
3088,1138136
3089,1187963
3090,1044613
3091,1165854
3092,862323
3093,1029399
3094,990230
3095,1079711
3096,891227
3097,1178616
3098,1203423
3099,1168841
3100,900482
3101,777824
3102,1028491
3103,1124618
3104,1224695
3105,831349
3106,1251065
3107,878614
3108,1176881
3109,1119006
3110,979913
3111,1102807
3112,969391
3113,1077854
3114,1164570
3115,1078001
3116,1061849
3117,1060320
3118,1211831
3119,1130550
3120,1063828
3121,1122721
3122,1131235
3123,927161
3124,1102546
3125,927822
3126,888854
3127,1036119
3128,1166597
3129,1152264
3130,1134277
3131,1097247
3132,880023
3133,1056751
3134,1076060
3135,960832
3136,898261
3137,1100953
3138,1202745
3139,1172961
3140,914772
3141,1059398
3142,1174191
3143,971243
3144,1112517
3145,1193842
3146,898150
3147,1007728
3148,981780
3149,1041571
3150,1045215
3151,1105132
3152,965292
3153,856217
3154,903708
3155,1027712
3156,899065
3157,1110734
3158,895744
3159,898531
3160,1005477
3161,838008
3162,1182890
3163,1118620
3164,902933
3165,1093618
3166,882981
3167,1034806
3168,1222924
3169,1009153
3170,1062052
3171,717021
3172,1191312
3173,942510
3174,1127275
3175,1077467
3176,1179080
3177,1247951
3178,841500
3179,914938
3180,1043246
3181,1160576
3182,1117105
3183,1053398
3184,917930
3185,1062880
3186,689052
3187,1105332
3188,1100532
3189,900701
3190,1107033
3191,948883
3192,1232651
3193,1085189
3194,920173
3195,1063472
3196,1100426
3197,1057963
3198,1072229
3199,1137822
3200,1079955
3201,1129251
3202,1045269
3203,1147072
3204,960022
3205,956274
3206,1106015
3207,1072018
3208,1093913
3209,894290
3210,929341
3211,1235021
3212,1047124
3213,951609
3214,973387
3215,1084102
3216,993487
3217,1194183
3218,881206
3219,934987
3220,868286
3221,1106212
3222,1128694
3223,1126038
3224,883986
3225,1076016
3226,1064847
3227,1015462
3228,1083310
3229,797589
3230,972463
3231,874067
3232,1145524
3233,840495
3234,998644
3235,836182
3236,1068240
3237,1090828
3238,915134
3239,1141837
3240,1091322
3241,1101937
3242,1138841
3243,1088346
3244,834859
3245,1119557
3246,1137386
3247,931349
3248,1034675
3249,932556
3250,894416
3251,1074755
3252,1066644
3253,1046293
3254,934935
3255,1159607
3256,1107355
3257,1035451
3258,1091114
3259,1021524
3260,1060800
3261,1120432
3262,1126313
3263,842252
3264,861551
3265,1078860
3266,1097034
3267,1066208
3268,919114
3269,890579
3270,838973
3271,1050851
3272,1113300
3273,1016181
3274,853332
3275,1056521
3276,1108269
3277,1193203
3278,905500
3279,883576
3280,1070106
3281,1239097
3282,960837
3283,1076841
3284,931113
3285,1061232
3286,1130214
3287,998567
3288,921032
3289,878422
3290,1083296
3291,886704
3292,871861
3293,1014070
3294,831603
3295,970339
3296,1156766
3297,1130708
3298,950200
3299,1454608
3300,1131690
3301,1098236
3302,1065488
3303,1109515
3304,1194713
3305,836836
3306,835516
3307,1279164
3308,1131561
3309,919926
3310,1074848
3311,947363
3312,1069542
3313,1216659
3314,1018007
3315,1175342
3316,1019755
3317,1012085
3318,1017212
3319,939340
3320,1031261
3321,698521
3322,832429
3323,1005372
3324,1021991
3325,998240
3326,1079726
3327,1177962
3328,1076406
3329,1049737
3330,572445
3331,802945
3332,817418
3333,491205
3334,566214
3335,557771
3336,656531
3337,655710
3338,545596
3339,631870
3340,565400
3341,530506
3342,591355
3343,499175
3344,476639
3345,545047
3346,483719
3347,474373
3348,437919
3349,505193
3350,452477
3351,445832
3352,495662
3353,1121811
3354,1178792
3355,1194603
3356,936878
3357,977420
3358,1001422
3359,1134724
3360,1169760
3361,987094
3362,539388
3363,279323
3364,676478
3365,451991
3366,411792
3367,445954
3368,576890
3369,496470
3370,389368
3371,528826
3372,496586
3373,442467
3374,491882
3375,483664
3376,464730
3377,1098573
3378,577753
3379,666258
3380,444886
3381,438618
3382,407003
3383,1171968
3384,726499
3385,691813
3386,482966
3387,597665
3388,428645
3389,585817
3390,400871
3391,532709
3392,587986
3393,361140
3394,437323
3395,486430
3396,508467
3397,520356
3398,525250
3399,520827
3400,464167
3401,306465
3402,458707
3403,289033
3404,436418
3405,331714
3406,329866
3407,359023
3408,484978
3409,485767
3410,480973
3411,1301994
3412,980676
3413,852094
3414,1192851
3415,1054271
3416,914029
3417,1116597
3418,936653
3419,1016280
3420,1067801
3421,862219
3422,933569
3423,1070049
3424,840317
3425,1042896
3426,889174
3427,1040179
3428,882273
3429,1093609
3430,1095785
3431,882843
3432,890521
3433,536163
3434,908377
3435,1113513
3436,897026
3437,861352
3438,1084775
3439,1110447
3440,932558
3441,876865
3442,1088082
3443,1078160
3444,899997
3445,867257
3446,879339
3447,687010
3448,948482
3449,1073394
3450,925361
3451,969383
3452,1048650
3453,1037807
3454,1058446
3455,889242
3456,908709
3457,874546
3458,1059188
3459,1095951
3460,1112004
3461,850803
3462,1161013
3463,1223227
3464,1145239
3465,1165075
3466,1355261
3467,1177941
3468,971519
3469,1070599
3470,1076717
3471,689101
3472,1098594
3473,918928
3474,962639
3475,1089868
3476,883508
3477,1055524
3478,1086375
3479,944789
3480,1167719
3481,1223491
3482,1084997
3483,1200441
3484,1035257
3485,925392
3486,693995
3487,758732
3488,503373
3489,453877
3490,368960
3491,466927
3492,494420
3493,539417
3494,324867
3495,448837
3496,320140
3497,459729
3498,498749
3499,569832
3500,453614
3501,459991
3502,332051
3503,1064432
3504,1072017
3505,1104081
3506,889729
3507,952612
3508,1096726
3509,1063348
3510,1129415
3511,915815
3512,1017098
3513,880928
3514,908564
3515,1050479
3516,929340
3517,949479
3518,1084399
3519,1075417
3520,970606
3521,817641
3522,1119291
3523,962121
3524,1066414
3525,806754
3526,871727
3527,835758
3528,865708
3529,841276
3530,1105164
3531,1175284
3532,919872
3533,860716
3534,878520
3535,1072244
3536,1076028
3537,982567
3538,1113549
3539,895874
3540,850000
3541,893169
3542,928963
3543,1166202
3544,900499
3545,1087145
3546,1165020
3547,1088803
3548,1183883
3549,1072700
3550,1112590
3551,883412
3552,891033
3553,982613
3554,1044306
3555,1176960
3556,1038312
3557,840457
3558,901267
3559,1049521
3560,1048936
3561,1062290
3562,791456
3563,1078058
3564,919095
3565,856387
3566,916437
3567,1144002
3568,967027
3569,932944
3570,1051067
3571,970657
3572,1064352
3573,1188726
3574,1094837
3575,907776
3576,1058838
3577,835751
3578,1102996
3579,943681
3580,1105574
3581,1013676
3582,1090224
3583,921693
3584,956546
3585,1127331
3586,1040173
3587,950008
3588,1147710
3589,1086421
3590,934354
3591,922640
3592,1010774
3593,1098927
3594,1214087
3595,1199032
3596,1077513
3597,1005069
3598,1071066
3599,1260197
3600,1085967
3601,966817
3602,1167556
3603,1139053
3604,930902
3605,1160051
3606,1195330
3607,890923
3608,854188
3609,1046374
3610,1074525
3611,923661
3612,1050810
3613,1047102
3614,1079286
3615,1089598
3616,979557
3617,1103040
3618,1188432
3619,1094727
3620,976496
3621,739298
3622,1250788
3623,1102324
3624,1100814
3625,1172720
3626,1112614
3627,1160198
3628,960377
3629,1136706
3630,1266252
3631,971150
3632,1165944
3633,867822
3634,1089146
3635,968908
3636,715457
3637,1071543
3638,1190921
3639,1135341
3640,1177432
3641,1069043
3642,996396
3643,1060228
3644,1071502
3645,1142807
3646,1076170
3647,857764
3648,1220201
3649,924954
3650,1123237
3651,1076708
3652,1164965
3653,875573
3654,1097882
3655,1101224
3656,1073203
3657,829791
3658,872462
3659,916724
3660,1087593
3661,1082214
3662,988575
3663,1042292
3664,1159960
3665,989795
3666,883540
3667,851564
3668,821497
3669,958770
3670,1176008
3671,905694
3672,1196600
3673,1101322
3674,1113528
3675,977918
3676,1214600
3677,796058
3678,908862
3679,932779
3680,1039569
3681,1151353
3682,1232241
3683,1240346
3684,1069431
3685,1189181
3686,837786
3687,1137305
3688,956893
3689,1068712
3690,1211787
3691,1106247
3692,919489
3693,1166440
3694,1091593
3695,1121151
3696,1216092
3697,1188544
3698,874919
3699,1300612
3700,1102024
3701,1076220
3702,1186950
3703,1009556
3704,1191537
3705,1202843
3706,951585
3707,876905
3708,874436
3709,1133840
3710,957206
3711,1165269
3712,888713
3713,1105213
3714,1097874
3715,952426
3716,884713
3717,1151900
3718,1191326
3719,932398
3720,903293
3721,902776
3722,826766
3723,869465
3724,806600
3725,842446
3726,1109756
3727,883582
3728,1102641
3729,994870
3730,1007283
3731,1085099
3732,1235219
3733,1188889
3734,1065021
3735,1232957
3736,859078
3737,1179244
3738,862623
3739,933224
3740,1075993
3741,941644
3742,863532
3743,1138869
3744,1052437
3745,1102744
3746,1158978
3747,1150902
3748,886465
3749,1153686
3750,1087365
3751,953646
3752,869060
3753,1120431
3754,952680
3755,1165654
3756,1094821
3757,843954
3758,861503
3759,1096249
3760,954587
3761,1092013
3762,705717
3763,1041286
3764,1146016
3765,1201327
3766,921126
3767,916127
3768,1047741
3769,1197272
3770,1183093
3771,794863
3772,813838
3773,1001488
3774,1072287
3775,968639
3776,1093344
3777,1045776
3778,915027
3779,1083595
3780,1160831
3781,991721
3782,1240337
3783,877137
3784,1109018
3785,988195
3786,763571
3787,886725
3788,1130381
3789,1072766
3790,1197262
3791,1031730
3792,1009015
3793,1002739
3794,1222006
3795,1081312
3796,932417
3797,999769
3798,891726
3799,1355469
3800,873754
3801,1228526
3802,1080075
3803,1200939
3804,1087324
3805,1050562
3806,1097063
3807,1110485
3808,1161431
3809,1173551
3810,868382
3811,1025402
3812,1075309
3813,909189
3814,948387
3815,1142765
3816,1274285
3817,1062463
3818,879878
3819,934643
3820,1101713
3821,1100762
3822,1131490
3823,1200665
3824,910904
3825,926435
3826,1146261
3827,979594
3828,555261
3829,626953
3830,1140521
3831,1221651
3832,1220666
3833,684366
3834,870579
3835,1095356
3836,1259517
3837,985312
3838,939030
3839,1053055
3840,1101238
3841,1024563
3842,1192606
3843,972933
3844,982427
3845,1121225
3846,1072547
3847,1149668
3848,885574
3849,1118605
3850,1124332
3851,1097681
3852,1076252
3853,1199784
3854,1056135
3855,1213835
3856,1188259
3857,1078689
3858,1247282
3859,1123798
3860,1087118
3861,898513
3862,935599
3863,870311
3864,902884
3865,1159335
3866,1111757
3867,948885
3868,901311
3869,844046
3870,1162797
3871,1098507
3872,950667
3873,908738
3874,680133
3875,884926
3876,1119456
3877,1229566
3878,804104
3879,1052055
3880,1172428
3881,961282
3882,1085406
3883,1176933
3884,1216203
3885,1038741
3886,1231783
3887,997495
3888,859228
3889,1082524
3890,1034950
3891,868823
3892,1081530
3893,1241149
3894,954082
3895,925452
3896,1134691
3897,1121179
3898,898555
3899,1451663
3900,934368
3901,900427
3902,1096760
3903,1134600
3904,919100
3905,1111690
3906,1211683
3907,1104648
3908,1074327
3909,841935
3910,1056896
3911,1140549
3912,1260804
3913,862695
3914,1084600
3915,1059972
3916,1127836
3917,1049596
3918,952224
3919,1045053
3920,1121889
3921,676849
3922,581808
3923,1164638
3924,1037216
3925,354673
3926,695366
3927,602401
3928,554520
3929,390078
3930,408319
3931,604716
3932,503226
3933,561003
3934,719645
3935,670325
3936,662475
3937,669371
3938,483171
3939,598621
3940,495199
3941,505515
3942,460102
3943,338354
3944,497855
3945,480259
3946,486377
3947,459772
3948,505880
3949,513264
3950,496344
3951,453429
3952,1347960
3953,885593
3954,1054652
3955,1212370
3956,854741
3957,970713
3958,886427
3959,1063360
3960,1096955
3961,1177339
3962,765998
3963,832189
3964,1203002
3965,960610
3966,920376
3967,1093070
3968,930214
3969,1265407
3970,930045
3971,1085972
3972,1184241
3973,896647
3974,954894
3975,1116011
3976,1137378
3977,927920
3978,947403
3979,1119014
3980,1201820
3981,1174658
3982,1227200
3983,1266222
3984,1045398
3985,959788
3986,1173629
3987,1211398
3988,866601
3989,859387
3990,1006233
3991,1136036
3992,950399
3993,1192425
3994,878423
3995,1087030
3996,1172329
3997,1082336
3998,886425
3999,1280706
4000,1058064
4001,1190080
4002,1101468
4003,910559
4004,1221436
4005,1111700
4006,1189606
4007,1081263
4008,913954
4009,1160407
4010,886546
4011,954936
4012,1076511
4013,905553
4014,908072
4015,1080807
4016,1112389
4017,1169103
4018,1183588
4019,847019
4020,1085176
4021,908173
4022,899962
4023,895685
4024,1032703
4025,1090737
4026,1187967
4027,729073
4028,734917
4029,1154670
4030,1156472
4031,1166603
4032,890946
4033,838557
4034,1073110
4035,948697
4036,1172095
4037,1046038
4038,1113736
4039,903760
4040,1128047
4041,1051045
4042,1079538
4043,980950
4044,1080607
4045,1084007
4046,1095995
4047,1030677
4048,1041469
4049,917072
4050,1074883
4051,1074084
4052,1091773
4053,1063372
4054,1080062
4055,1112466
4056,1174722
4057,957448
4058,1113230
4059,876357
4060,1026470
4061,1093085
4062,1054954
4063,986718
4064,1073977
4065,1066386
4066,1155042
4067,1012142
4068,1048973
4069,872832
4070,1120097
4071,774590
4072,915188
4073,1057002
4074,1100492
4075,933508
4076,1080978
4077,863431
4078,1066650
4079,1239340
4080,1065375
4081,1213501
4082,880184
4083,850994
4084,1152385
4085,1178858
4086,817546
4087,1078494
4088,1220122
4089,884859
4090,908131
4091,1276654
4092,1075081
4093,1053938
4094,1214977
4095,872383
4096,1055117
4097,1080348
4098,1075271
4099,1340912
4100,1060136
4101,962931
4102,1064694
4103,1075037
4104,1142823
4105,940900
4106,1188218
4107,927935
4108,896694
4109,882638
4110,978615
4111,1110010
4112,1072592
4113,943576
4114,851082
4115,1045507
4116,845012
4117,936972
4118,1145605
4119,973030
4120,1107599
4121,1020380
4122,1038496
4123,1116220
4124,871829
4125,1034070
4126,1096024
4127,1081932
4128,1114672
4129,965071
4130,1051956
4131,1195593
4132,945909
4133,714976
4134,1222642
4135,1091718
4136,882869
4137,1071022
4138,1089615
4139,945712
4140,917092
4141,1197052
4142,951052
4143,1132596
4144,876952
4145,1064591
4146,882708
4147,1094671
4148,1139478
4149,918824
4150,1074897
4151,1159138
4152,1135482
4153,881775
4154,871398
4155,1066846
4156,1148381
4157,982008
4158,1125047
4159,985272
4160,844959
4161,1039742
4162,866857
4163,1065624
4164,881305
4165,821965
4166,1080241
4167,982646
4168,1197463
4169,840568
4170,1046686
4171,795684
4172,1074603
4173,1058194
4174,861109
4175,846541
4176,1121883
4177,1058608
4178,1165258
4179,897753
4180,1117784
4181,1097184
4182,843091
4183,1050097
4184,858916
4185,869548
4186,871935
4187,912850
4188,1073519
4189,948554
4190,1003554
4191,979770
4192,1191936
4193,1057866
4194,864058
4195,886058
4196,1026156
4197,1186647
4198,1140678
4199,1092867
4200,1058707
4201,1071677
4202,1042249
4203,962046
4204,1204500
4205,1129374
4206,857212
4207,1037255
4208,873397
4209,943258
4210,1079198
4211,1091626
4212,1101467
4213,1080059
4214,954568
4215,1010805
4216,1154360
4217,1121228
4218,1097854
4219,811657
4220,1072676
4221,678096
4222,1065675
4223,980008
4224,802505
4225,1104956
4226,955745
4227,1027704
4228,998482
4229,1021821
4230,1159407
4231,832235
4232,1047168
4233,1032519
4234,543382
4235,1096377
4236,726404
4237,1023117
4238,1098316
4239,879956
4240,1065453
4241,904615
4242,1065595
4243,1071180
4244,941620
4245,1043917
4246,1150243
4247,1198851
4248,941007
4249,984064
4250,1081488
4251,989045
4252,1051770
4253,891957
4254,1064982
4255,1141866
4256,863305
4257,893677
4258,888178
4259,1044197
4260,1081764
4261,830474
4262,1105662
4263,1006595
4264,1031726
4265,855168
4266,1229721
4267,997916
4268,1097737
4269,936215
4270,1105421
4271,1089771
4272,891555
4273,1231009
4274,1095538
4275,915930
4276,1038043
4277,1200525
4278,850720
4279,920274
4280,1048593
4281,887310
4282,1122970
4283,855970
4284,1062468
4285,794476
4286,1093938
4287,908513
4288,1198339
4289,1077444
4290,886155
4291,828988
4292,914144
4293,1022623
4294,854244
4295,959786
4296,1059949
4297,1087032
4298,1166795
4299,1186250
4300,1086965
4301,1048269
4302,1114408
4303,1206557
4304,1073109
4305,944222
4306,1044436
4307,1089758
4308,1089956
4309,960376
4310,936681
4311,1090094
4312,1095253
4313,947913
4314,1075328
4315,906607
4316,1088806
4317,824086
4318,1050887
4319,865703
4320,1160980
4321,1018285
4322,1100779
4323,946260
4324,1038947
4325,801425
4326,1095411
4327,920348
4328,1056177
4329,1098808
4330,1066740
4331,883662
4332,1219504
4333,990593
4334,534906
4335,831058
4336,825323
4337,1117611
4338,1176628
4339,1169322
4340,803660
4341,1268697
4342,1027444
4343,1101569
4344,916416
4345,830933
4346,1111951
4347,1154922
4348,1097011
4349,1088178
4350,1075039
4351,958984
4352,1116802
4353,1107666
4354,929671
4355,872238
4356,1199932
4357,921635
4358,1111337
4359,944438
4360,1037180
4361,1078409
4362,1153846
4363,811579
4364,917018
4365,884144
4366,1068706
4367,1159933
4368,1066296
4369,1070244
4370,1043380
4371,668941
4372,894181
4373,1074136
4374,1079830
4375,1062789
4376,1080306
4377,876253
4378,1064341
4379,1052426
4380,991282
4381,1053116
4382,879671
4383,1085216
4384,1109082
4385,880181
4386,717037
4387,551957
4388,1134882
4389,1098546
4390,847993
4391,1090383
4392,1156747
4393,1063639
4394,872802
4395,831580
4396,1074833
4397,1086015
4398,900350
4399,1095575
4400,1079631
4401,962982
4402,1091928
4403,794721
4404,876362
4405,1135693
4406,1126969
4407,1102159
4408,1201585
4409,870601
4410,1110647
4411,1063925
4412,1166969
4413,1083931
4414,1116610
4415,1187475
4416,1193519
4417,1045118
4418,1173033
4419,1149339
4420,853107
4421,1051911
4422,964702
4423,1007691
4424,1084891
4425,866967
4426,843730
4427,1055397
4428,540422
4429,1146665
4430,927790
4431,1141009
4432,869162
4433,1043654
4434,1066615
4435,798370
4436,874463
4437,1039387
4438,937464
4439,1100672
4440,1207299
4441,1167530
4442,981522
4443,951948
4444,943719
4445,840021
4446,955796
4447,1230316
4448,1082408
4449,1032743
4450,1043503
4451,1058819
4452,1182169
4453,1110164
4454,1097292
4455,1008194
4456,1167044
4457,842474
4458,1019945
4459,1104479
4460,905556
4461,1121816
4462,1143803
4463,886075
4464,1067219
4465,915692
4466,1059890
4467,1069148
4468,1175103
4469,1164153
4470,926164
4471,1137069
4472,853051
4473,1131707
4474,975552
4475,868201
4476,934059
4477,1049978
4478,1091053
4479,880293
4480,1193360
4481,1044377
4482,863034
4483,1205429
4484,773533
4485,790896
4486,859071
4487,886761
4488,1093820
4489,819442
4490,1135388
4491,1124603
4492,960674
4493,1092093
4494,1222208
4495,881360
4496,1133876
4497,1224858
4498,1107858
4499,1148589
4500,997086
4501,1042806
4502,1100826
4503,1188096
4504,1087177
4505,1030655
4506,1172653
4507,938205
4508,1147928
4509,1083674
4510,1057836
4511,1097413
4512,911755
4513,1111099
4514,1069559
4515,1119754
4516,1000717
4517,1152565
4518,1168485
4519,1083385
4520,927016
4521,852773
4522,1025272
4523,1099552
4524,936170
4525,1142172
4526,1081219
4527,910239
4528,758348
4529,1068758
4530,1161161
4531,1042348
4532,1159042
4533,1071460
4534,794447
4535,869011
4536,677578
4537,294415
4538,853249
4539,705844
4540,582026
4541,491839
4542,529216
4543,345998
4544,467883
4545,479467
4546,491075
4547,337537
4548,458079
4549,492959
4550,482786
4551,446280
4552,465045
4553,472237
4554,422815
4555,480098
4556,454738
4557,454848
4558,445304
4559,426876
4560,1237719
4561,1147594
4562,1183961
4563,786600
4564,929873
4565,1229414
4566,882932
4567,1024580
4568,961505
4569,1006696
4570,1077841
4571,1084884
4572,1105837
4573,966116
4574,1083397
4575,1091276
4576,1117029
4577,883844
4578,1247863
4579,1119895
4580,1040317
4581,1032942
4582,1095844
4583,1147442
4584,887281
4585,1081233
4586,806991
4587,839994
4588,1091296
4589,1099523
4590,1054998
4591,1225052
4592,1050926
4593,1113203
4594,1082355
4595,1083605
4596,848471
4597,1143214
4598,1082391
4599,1206079
4600,847549
4601,834356
4602,850061
4603,1151790
4604,1083033
4605,1099185
4606,886192
4607,1198899
4608,920152
4609,916953
4610,1123320
4611,858966
4612,1146560
4613,1222050
4614,843178
4615,1078944
4616,888384
4617,891839
4618,1058206
4619,1076893
4620,1159259
4621,824077
4622,1012134
4623,1088779
4624,829196
4625,1020210
4626,1165001
4627,1024381
4628,930601
4629,1007088
4630,1058421
4631,876263
4632,942771
4633,1055633
4634,850777
4635,1036230
4636,882455
4637,1070943
4638,941709
4639,1164623
4640,1062385
4641,1178096
4642,1092013
4643,964715
4644,1136594
4645,1112781
4646,1034089
4647,1193027
4648,1080443
4649,1133035
4650,916578
4651,805445
4652,909331
4653,732128
4654,1191599
4655,1070182
4656,886067
4657,1099930
4658,1043343
4659,1085746
4660,907427
4661,1064213
4662,1105184
4663,1213672
4664,1126360
4665,1124860
4666,1070666
4667,1160061
4668,1002049
4669,1108123
4670,820456
4671,679947
4672,994300
4673,1071849
4674,1191868
4675,918803
4676,832743
4677,1072652
4678,1039754
4679,1142238
4680,924868
4681,954443
4682,892796
4683,1009614
4684,1078918
4685,796444
4686,749601
4687,912712
4688,1226145
4689,850346
4690,914847
4691,1189484
4692,1074566
4693,1001337
4694,1091834
4695,871559
4696,784093
4697,1094304
4698,1086437
4699,1149630
4700,1016241
4701,1076244
4702,908806
4703,1185614
4704,1089036
4705,1018070
4706,1144847
4707,1210994
4708,1088785
4709,930040
4710,1125107
4711,1006157
4712,883852
4713,1065205
4714,1073879
4715,849056
4716,1255924
4717,1047349
4718,1203799
4719,1154013
4720,1024122
4721,993058
4722,1127610
4723,1182402
4724,1028120
4725,898207
4726,1047474
4727,1068087
4728,993412
4729,571280
4730,563378
4731,582504
4732,444849
4733,483088
4734,467924
4735,436095
4736,473045
4737,509104
4738,526337
4739,501582
4740,486828
4741,551121
4742,522766
4743,527233
4744,477424
4745,972892
4746,1179934
4747,1222306
4748,855065
4749,1098595
4750,1165178
4751,1081214
4752,1064713
4753,1078738
4754,967066
4755,1095521
4756,897346
4757,1034412
4758,1188436
4759,1101140
4760,924907
4761,1142744
4762,913725
4763,735368
4764,543659
4765,826105
4766,1132543
4767,831710
4768,851097
4769,909870
4770,851358
4771,1192959
4772,902634
4773,1082165
4774,1079709
4775,1142539
4776,1042653
4777,1075540
4778,885293
4779,1059971
4780,1064093
4781,1187721
4782,1012826
4783,861680
4784,1077870
4785,900925
4786,1104452
4787,942242
4788,1232176
4789,1159694
4790,897570
4791,1088475
4792,1216943
4793,898996
4794,1109393
4795,850564
4796,951572
4797,888554
4798,1057781
4799,1386556
4800,952295
4801,1077676
4802,1196514
4803,1194767
4804,1090006
4805,912658
4806,807822
4807,838501
4808,920288
4809,880041
4810,1056676
4811,1265647
4812,937507
4813,1072070
4814,874528
4815,1204721
4816,990873
4817,992148
4818,1072457
4819,1049547
4820,1146271
4821,686913
4822,876302
4823,1027686
4824,1016568
4825,1073597
4826,948952
4827,863347
4828,1163111
4829,894662
4830,1052929
4831,1092890
4832,894766
4833,1006915
4834,704443
4835,927488
4836,686650
4837,536701
4838,1163067
4839,886451
4840,927277
4841,1087995
4842,895619
4843,1023582
4844,1132354
4845,879146
4846,1052104
4847,897505
4848,1046148
4849,1144262
4850,1060332
4851,1260365
4852,943442
4853,1042109
4854,1112755
4855,1108016
4856,943753
4857,882283
4858,862358
4859,1104446
4860,915894
4861,1043144
4862,880998
4863,931051
4864,1031128
4865,1089439
4866,1081537
4867,885516
4868,1040698
4869,898608
4870,875439
4871,904997
4872,948210
4873,958137
4874,1166519
4875,1071607
4876,1110833
4877,871827
4878,1069057
4879,1084891
4880,1092084
4881,925376
4882,876026
4883,757090
4884,1060430
4885,936518
4886,834702
4887,945790
4888,1191399
4889,1055711
4890,1087905
4891,1195041
4892,875351
4893,1036992
4894,1096787
4895,993180
4896,1110967
4897,937973
4898,1104563
4899,1330584
4900,1100357
4901,1028087
4902,883401
4903,886147
4904,1088661
4905,1173854
4906,1156255
4907,875644
4908,863870
4909,1153897
4910,1220015
4911,927180
4912,881667
4913,1083288
4914,1006752
4915,1110594
4916,1216162
4917,883285
4918,1162874
4919,1031212
4920,1207702
4921,961544
4922,891602
4923,911536
4924,949509
4925,1217400
4926,985427
4927,972279
4928,1038971
4929,1017460
4930,1117102
4931,1079156
4932,980014
4933,919199
4934,858950
4935,1104035
4936,862665
4937,887125
4938,1161135
4939,1029448
4940,1059622
4941,1054813
4942,968393
4943,887623
4944,1089417
4945,791044
4946,885721
4947,1007308
4948,1120636
4949,998033
4950,1096873
4951,893406
4952,1076472
4953,1043331
4954,1185291
4955,1123795
4956,979809
4957,988548
4958,895078
4959,954413
4960,1083070
4961,1214340
4962,943020
4963,1049073
4964,1107982
4965,958021
4966,1214060
4967,1145253
4968,1162224
4969,1204401
4970,1058952
4971,757137
4972,888698
4973,858969
4974,999143
4975,1070556
4976,1109039
4977,1128819
4978,1067078
4979,905385
4980,1076565
4981,1040724
4982,1085181
4983,859922
4984,1079011
4985,966305
4986,688472
4987,908685
4988,882977
4989,1033473
4990,1221147
4991,1025241
4992,1253095
4993,901706
4994,960090
4995,1035005
4996,1045270
4997,1106237
4998,943892
