seq,rtt_m2h_ns
387,10655000
388,9562000
389,9824000
390,10290000
391,10257000
392,10144000
393,10387000
394,10387000
395,10221000
396,10295000
397,10061000
398,10195000
399,10369000
400,10164000
401,10192000
402,9991000
403,10307000
404,10246000
405,10286000
406,10213000
407,10061000
408,10273000
409,10304000
410,10162000
411,10205000
412,10149000
413,10199000
414,10405000
415,10239000
416,10232000
417,10271000
418,10424000
419,10118000
420,9964000
421,9871000
422,10022000
423,9927000
424,9919000
425,9904000
426,9904000
427,9883000
428,9943000
429,9995000
430,10195000
431,9880000
432,9767000
433,9882000
434,10081000
435,9848000
436,9979000
437,10377000
438,10292000
439,10271000
440,10202000
441,10325000
442,10157000
443,10313000
444,10210000
445,10212000
446,10199000
447,10066000
448,10022000
449,10038000
450,10074000
451,10065000
452,10043000
453,10073000
454,10150000
455,10100000
456,9990000
457,10132000
458,10032000
459,10048000
460,10073000
461,10015000
462,10063000
463,10065000
464,10098000
465,10106000
466,10073000
467,10073000
468,10191000
469,10065000
470,10029000
471,10009000
472,10200000
473,10206000
474,10035000
475,10171000
476,9943000
477,9887000
478,9857000
479,9788000
480,9984000
481,9874000
482,9858000
483,9844000
484,10027000
485,9813000
486,9859000
487,10070000
488,10045000
489,10035000
490,10079000
491,10071000
492,10198000
493,10062000
494,10157000
495,9896000
496,9876000
497,9856000
498,9912000
499,9839000
500,9896000
501,9874000
502,9800000
503,9788000
504,9840000
505,9822000
506,9875000
507,9796000
508,9780000
509,9869000
510,9869000
511,9775000
512,10050000
513,9989000
514,9863000
515,9840000
516,9835000
517,9883000
518,9812000
519,9796000
520,9922000
521,9816000
522,9839000
523,9812000
524,9881000
525,9848000
526,9868000
527,9826000
528,9891000
529,9863000
530,9878000
531,9831000
532,9844000
533,9804000
534,9829000
535,9863000
536,9866000
537,9767000
538,9874000
539,9771000
540,9975000
541,9776000
542,9816000
543,9862000
544,9791000
545,9838000
546,9852000
547,9804000
548,10081000
549,10065000
550,10198000
551,10021000
552,10024000
553,10069000
554,10210000
555,10056000
556,10043000
557,10084000
558,9878000
559,9992000
560,9988000
561,9896000
562,9959000
563,9955000
564,10003000
565,9988000
566,9914000
567,9892000
568,9886000
569,9931000
570,9926000
571,9908000
572,9908000
573,9955000
574,9939000
575,9927000
576,9922000
577,9914000
578,9827000
579,9825000
580,9870000
581,9784000
582,9775000
583,9839000
584,9817000
585,9886000
586,9792000
587,10001000
588,9971000
589,9976000
590,10023000
591,10009000
592,9980000
593,9988000
594,9968000
595,9972000
596,10005000
597,10011000
598,9984000
599,9979000
600,10023000
601,9943000
602,9923000
603,9993000
604,9956000
605,9964000
606,9935000
607,10016000
608,9906000
609,9984000
610,9955000
611,10039000
612,10004000
613,10167000
614,9980000
615,9988000
616,9956000
617,10037000
618,10075000
619,9939000
620,9910000
621,10024000
622,10014000
623,9939000
624,9996000
625,10062000
626,9968000
627,10044000
628,9931000
629,9931000
630,9993000
631,9964000
632,10034000
633,9943000
634,9931000
635,9996000
636,9918000
637,9972000
638,9951000
639,10033000
640,9996000
641,9980000
642,9988000
643,10040000
644,9964000
645,9927000
646,10001000
647,9984000
648,10062000
649,9879000
650,9753000
651,9866000
652,9943000
653,9836000
654,9762000
655,9899000
656,9792000
657,9788000
658,9713000
659,9911000
660,9943000
661,9759000
662,9725000
663,9853000
664,9713000
665,9891000
666,9721000
667,9728000
668,9891000
669,9744000
670,9762000
671,9804000
672,9754000
673,9930000
674,9762000
675,9771000
676,9840000
677,9743000
678,9874000
679,9713000
680,9857000
681,9746000
682,9832000
683,9727000
684,10027000
685,9743000
686,9743000
687,9746000
688,9820000
689,9732000
690,9857000
691,9759000
692,9751000
693,9878000
694,9767000
695,9784000
696,9704000
697,9845000
698,9821000
699,9808000
700,9792000
701,9767000
702,9696000
703,9832000
704,9737000
705,9795000
706,9771000
707,9759000
708,9828000
709,9730000
710,9882000
711,9742000
712,9783000
713,9775000
714,9762000
715,9882000
716,9763000
717,9800000
718,9696000
719,9851000
720,9739000
721,9824000
722,9788000
723,9705000
724,9832000
725,9763000
726,10083000
727,9972000
728,9951000
729,9964000
730,9999000
731,9984000
732,9967000
733,9984000
734,10012000
735,10013000
736,9988000
737,9998000
738,9967000
739,9960000
740,10010000
741,9931000
742,10048000
743,9984000
744,10021000
745,9968000
746,10010000
747,9998000
748,9976000
749,10064000
750,10021000
751,9943000
752,9914000
753,10078000
754,9964000
755,9975000
756,9879000
757,10026000
758,9988000
759,10063000
760,10180000
761,9952000
762,10010000
763,10004000
764,9910000
765,9968000
766,9956000
767,9948000
768,10131000
769,10114000
770,10107000
771,10027000
772,10083000
773,10012000
774,10062000
775,9979000
776,10101000
777,10034000
778,10006000
779,10004000
780,10048000
781,10051000
782,10024000
783,10148000
784,10143000
785,9980000
786,10044000
787,10034000
788,10081000
789,10004000
790,10088000
791,10054000
792,10112000
793,10022000
794,10031000
795,10079000
796,10070000
797,10041000
798,10050000
799,10019000
800,10014000
801,9980000
802,10061000
803,10025000
804,10032000
805,9996000
806,10011000
807,9976000
808,10044000
809,10087000
810,10229000
811,9990000
812,10066000
813,10056000
814,10203000
815,10155000
816,10087000
817,10044000
818,9999000
819,10041000
820,10040000
821,10003000
822,10089000
823,10061000
824,10051000
825,10033000
826,10037000
827,10003000
828,10131000
829,10055000
830,10053000
831,10022000
832,10029000
833,9980000
834,10182000
835,10107000
836,10031000
837,10018000
838,10077000
839,10070000
840,10062000
841,10025000
842,10097000
843,10007000
844,9994000
845,10120000
846,10045000
847,10021000
848,10016000
849,10069000
850,10115000
851,9967000
852,10183000
853,10018000
854,10013000
855,10061000
856,10322000
857,10062000
858,10023000
859,10101000
860,10209000
861,10061000
862,10034000
863,10062000
864,10092000
865,10085000
866,10073000
867,9998000
868,9964000
869,10034000
870,10012000
871,10141000
872,10062000
873,10062000
874,9956000
875,10035000
876,10073000
877,10065000
878,10122000
879,10070000
880,10159000
881,10006000
882,10065000
883,10079000
884,10174000
885,10032000
886,10023000
887,10156000
888,10062000
889,9996000
890,10034000
891,10027000
892,10001000
893,10011000
894,10064000
895,10070000
896,10023000
897,10022000
898,9996000
899,10020000
900,10107000
901,10036000
902,10007000
903,9999000
904,9977000
905,9976000
906,10038000
907,9951000
908,9796000
909,9792000
910,9988000
911,9755000
912,9827000
913,9754000
914,9750000
915,9895000
916,9771000
917,9759000
918,9821000
919,9808000
920,9788000
921,9779000
922,9767000
923,9825000
924,9832000
925,9800000
926,9796000
927,9964000
928,9840000
929,9817000
930,9817000
931,9851000
932,9804000
933,9767000
934,9912000
935,9808000
936,9816000
937,9779000
938,10057000
939,10028000
940,10044000
941,10126000
942,10000000
943,10058000
944,9988000
945,10203000
946,10088000
947,9994000
948,9868000
949,9840000
950,10041000
951,10009000
952,10021000
953,10123000
954,10053000
955,10031000
956,10039000
957,10141000
958,10078000
959,10058000
960,10132000
961,10015000
962,10026000
963,9997000
964,10138000
965,10055000
966,10041000
967,10019000
968,10093000
969,10062000
970,9984000
971,9952000
972,10029000
973,10013000
974,10000000
975,10062000
976,10111000
977,10031000
978,10014000
979,9997000
980,9988000
981,10103000
982,9900000
983,9951000
984,10024000
985,9935000
986,9914000
987,9967000
988,9951000
989,9878000
990,9880000
991,9923000
992,9975000
993,9984000
994,9947000
995,9939000
996,10002000
997,9918000
998,9896000
999,9964000
1000,10355000
1001,11373000
1002,11393000
1003,11351000
1004,11301000
1005,11334000
1006,10186000
1007,11141000
1008,10143000
1009,11151000
1010,10230000
1011,11183000
1012,10256000
1013,10231000
1014,11809000
1016,10316000
1017,10154000
1018,11194000
1019,10154000
1020,10163000
1021,11361000
1022,11151000
1023,11160000
1024,10324000
1025,11187000
1026,11150000
1027,11183000
1028,10241000
1029,11241000
1030,11194000
1031,10187000
1032,11747000
1034,10354000
1035,11166000
1036,10215000
1037,10142000
1038,11168000
1039,10226000
1040,10146000
1041,11182000
1042,11196000
1043,10189000
1044,10174000
1045,11202000
1046,11152000
1047,11207000
1048,11146000
1049,11183000
1050,10164000
1051,11778000
1053,10323000
1054,10150000
1055,10173000
1056,10192000
1057,10207000
1058,11152000
1059,10183000
1060,11243000
1061,11151000
1062,11146000
1063,10238000
1064,10189000
1065,10189000
1066,10183000
1067,11132000
1068,10247000
1069,11353000
1070,10431000
1071,11366000
1072,11334000
1073,12742000
1075,10531000
1076,11343000
1077,11364000
1078,11345000
1079,11355000
1080,11383000
1081,11345000
1082,11372000
1083,10362000
1084,10543000
1085,11436000
1086,12786000
1088,10425000
1089,10347000
1090,11247000
1091,11242000
1092,11225000
1093,11237000
1094,11375000
1095,11216000
1096,11195000
1097,11207000
1098,11233000
1099,10183000
1100,11772000
1102,10326000
1103,11194000
1104,11154000
1105,11114000
1106,11146000
1107,10140000
1108,11158000
1109,11121000
1110,11149000
1111,11118000
1112,11172000
1113,10279000
1114,11759000
1116,10406000
1117,10211000
1118,10243000
1119,10242000
1120,10289000
1121,11259000
1122,11212000
1123,10272000
1124,11156000
1125,11269000
1126,10239000
1127,10302000
1128,11246000
1129,11230000
1130,11237000
1131,11200000
1132,11222000
1133,11759000
1135,10385000
1136,10221000
1137,10378000
1138,11165000
1139,11140000
1140,11164000
1141,11118000
1142,10175000
1143,10167000
1144,11118000
1145,11161000
1146,11122000
1147,10108000
1148,11204000
1149,11202000
1150,11792000
1152,10317000
1153,11118000
1154,10190000
1155,10231000
1156,10167000
1157,11187000
1158,10179000
1159,11121000
1160,11175000
1161,11168000
1162,11215000
1163,11167000
1164,11145000
1165,11172000
1166,11790000
1168,10317000
1169,11127000
1170,11158000
1171,11102000
1172,10192000
1173,11197000
1174,11154000
1175,10212000
1176,11100000
1177,11065000
1178,11148000
1179,11195000
1180,11763000
1182,10187000
1183,11087000
1184,11204000
1185,10180000
1186,11197000
1187,11102000
1188,11187000
1189,11154000
1190,11175000
1191,11137000
1192,11171000
1193,11917000
1195,10316000
1196,11121000
1197,11163000
1198,11116000
1199,11442000
1200,11158000
1201,11132000
1202,11139000
1203,11135000
1204,11163000
1205,11773000
1207,10314000
1208,11163000
1209,11142000
1210,11155000
1211,11209000
1212,11341000
1213,11110000
1214,10170000
1215,11195000
1216,10178000
1217,11149000
1218,11184000
1219,11755000
1221,10317000
1222,11206000
1223,11176000
1224,11122000
1225,11166000
1226,11131000
1227,11152000
1228,11195000
1229,11132000
1230,11195000
1231,11765000
1233,10315000
1234,11212000
1235,11164000
1236,11175000
1237,11139000
1238,11202000
1239,11198000
1240,11094000
1241,11094000
1242,11227000
1243,11759000
1245,10352000
1246,11199000
1247,11138000
1248,11253000
1249,11128000
1250,11233000
1251,11106000
1252,11151000
1253,11168000
1254,11190000
1255,11772000
1257,10274000
1258,11190000
1259,11191000
1260,11151000
1261,11161000
1262,11124000
1263,11167000
1264,11113000
1265,11153000
1266,11172000
1267,11782000
1269,10319000
1270,11141000
1271,11104000
1272,11132000
1273,11197000
1274,11111000
1275,11159000
1276,11171000
1277,11255000
1278,11163000
1279,11792000
1281,10402000
1282,11135000
1283,11179000
1284,11192000
1285,11171000
1286,11109000
1287,11160000
1288,11155000
1289,11204000
1290,11175000
1291,11781000
1293,10316000
1294,11118000
1295,11231000
1296,11172000
1297,11159000
1298,11222000
1299,11150000
1300,11209000
1301,11169000
1302,11168000
1303,11751000
1305,10313000
1306,11167000
1307,11196000
1308,11245000
1309,11128000
1310,11199000
1311,11107000
1312,11426000
1313,11302000
1314,11260000
1315,11902000
1317,10544000
1318,11295000
1319,11254000
1320,11222000
1321,11226000
1322,11204000
1323,11162000
1324,11277000
1325,11312000
1326,11246000
1327,11787000
1329,10531000
1330,11291000
1331,11236000
1332,11211000
1333,11162000
1334,11208000
1335,11214000
1336,11259000
1337,11197000
1338,11175000
1339,11768000
1341,10437000
1342,11201000
1343,11225000
1344,11200000
1345,11216000
1346,11228000
1347,11269000
1348,11156000
1349,11199000
1350,12738000
1352,10457000
1353,11260000
1354,11215000
1355,11191000
1356,11210000
1357,11179000
1358,11197000
1359,11242000
1360,11249000
1361,11206000
1362,11759000
1364,10349000
1365,11261000
1366,11208000
1367,11265000
1368,11264000
1369,11167000
1370,11251000
1371,11224000
1372,11235000
1373,11211000
1374,11763000
1376,10405000
1377,11239000
1378,11203000
1379,11176000
1380,11254000
1381,11209000
1382,11236000
1383,11221000
1384,11165000
1385,11258000
1386,11812000
1388,10393000
1389,11429000
1390,11252000
1391,11216000
1392,11234000
1393,11202000
1394,11222000
1395,11190000
1396,11209000
1397,11231000
1398,11767000
1400,10385000
1401,11193000
1402,11225000
1403,11349000
1404,11149000
1405,11248000
1406,11228000
1407,11299000
1408,11408000
1409,12734000
1411,10444000
1412,11275000
1413,11243000
1414,11349000
1415,11370000
1416,11258000
1417,11359000
1418,12191000
1419,11231000
1420,11799000
1422,10321000
1423,11197000
1424,11245000
1425,11188000
1426,11237000
1427,11187000
1428,11211000
1429,11235000
1430,11208000
1431,11164000
1432,11886000
1434,10379000
1435,11255000
1436,11226000
1437,11172000
1438,11218000
1439,11310000
1440,11200000
1441,11204000
1442,11237000
1443,11201000
1444,11820000
1446,10353000
1447,11237000
1448,11211000
1449,11228000
1450,11195000
1451,11211000
1452,11177000
1453,11215000
1454,11238000
1455,11289000
1456,11788000
1458,10333000
1459,11302000
1460,11416000
1461,11287000
1462,11305000
1463,11279000
1464,11292000
1465,11350000
1466,11279000
1467,11245000
1468,11848000
1470,10618000
1471,11363000
1472,11307000
1473,11287000
1474,11222000
1475,11335000
1476,11285000
1477,11347000
1478,11266000
1479,12742000
1481,10543000
1482,11201000
1483,11249000
1484,11198000
1485,11157000
1486,11249000
1487,11211000
1488,11240000
1489,11210000
1490,11229000
1491,11768000
1493,10509000
1494,11131000
1495,11222000
1496,11173000
1497,11150000
1498,11191000
1499,11200000
1500,11242000
1501,11182000
1502,11210000
1503,11769000
1505,10306000
1506,11184000
1507,11200000
1508,11186000
1509,11188000
1510,11155000
1511,11187000
1512,11227000
1513,11175000
1514,11201000
1515,11754000
1517,10342000
1518,11302000
1519,10989000
1520,11167000
1521,11180000
1522,11208000
1523,11191000
1524,11200000
1525,11164000
1526,11173000
1527,11764000
1529,10270000
1530,11219000
1531,11303000
1532,11227000
1533,11165000
1534,11259000
1535,11297000
1536,11388000
1537,11367000
1538,11223000
1539,11876000
1541,10384000
1542,11199000
1543,11301000
1544,11190000
1545,11232000
1546,11179000
1547,11236000
1548,11219000
1549,11271000
1550,12750000
1552,10375000
1553,11411000
1554,11219000
1555,11280000
1556,11214000
1557,11254000
1558,11201000
1559,11250000
1560,11198000
1561,11226000
1562,11832000
1564,10359000
1565,11265000
1566,11153000
1567,11269000
1568,11203000
1569,11243000
1570,11392000
1571,11181000
1572,11191000
1573,11199000
1574,11758000
1576,10350000
1577,11188000
1578,11128000
1579,11162000
1580,11129000
1581,11145000
1582,11175000
1583,11136000
1584,11095000
1585,11190000
1586,11832000
1588,10263000
1589,11156000
1590,11127000
1591,11139000
1592,11110000
1593,11139000
1594,11202000
1595,11197000
1596,11232000
1597,11235000
1598,11824000
1600,10393000
1601,11201000
1602,11187000
1603,11259000
1604,11165000
1605,11178000
1606,11228000
1607,11096000
1608,11206000
1609,11220000
1610,11784000
1612,10379000
1613,11202000
1614,11247000
1615,11195000
1616,11221000
1617,11186000
1618,11208000
1619,11375000
1620,11188000
1621,11209000
1622,11840000
1624,10363000
1625,11245000
1626,11211000
1627,11236000
1628,11294000
1629,11223000
1630,11195000
1631,11202000
1632,11170000
1633,11220000
1634,11763000
1636,10408000
1637,11167000
1638,11126000
1639,11171000
1640,11188000
1641,11214000
1642,11190000
1643,11215000
1644,11223000
1645,11270000
1646,11796000
1648,10329000
1649,11308000
1650,11174000
1651,11287000
1652,11230000
1653,11218000
1654,11233000
1655,11195000
1656,11212000
1657,12766000
1659,10438000
1660,11214000
1661,11270000
1662,11208000
1663,11256000
1664,11256000
1665,11240000
1666,11170000
1667,11282000
1668,12746000
1670,10395000
1671,11219000
1672,11243000
1673,11207000
1674,11238000
1675,11258000
1676,11225000
1677,11249000
1678,11212000
1679,11176000
1680,11832000
1682,10376000
1683,11268000
1684,11320000
1685,11253000
1686,11336000
1687,11243000
1688,11223000
1689,11231000
1690,11279000
1691,11204000
1692,11871000
1694,10581000
1695,11263000
1696,11242000
1697,11242000
1698,11212000
1699,11229000
1700,11080000
1701,11141000
1702,11252000
1703,11262000
1704,11853000
1706,10567000
1707,11232000
1708,11212000
1709,11163000
1710,11259000
1711,11274000
1712,11200000
1713,11201000
1714,11225000
1715,11199000
1716,11808000
1718,10340000
1719,11162000
1720,11257000
1721,11208000
1722,11167000
1723,11200000
1724,11227000
1725,11263000
1726,11218000
1727,11195000
1728,11860000
1730,10602000
1731,11274000
1732,11234000
1733,11285000
1734,11158000
1735,11209000
1736,11391000
1737,11253000
1738,11200000
1739,11251000
1740,11772000
1742,10367000
1743,11218000
1744,11224000
1745,11199000
1746,11222000
1747,11331000
1748,11345000
1749,11114000
1750,10985000
1751,11186000
1752,11754000
1754,10156000
1755,11073000
1756,10931000
1757,11059000
1758,10994000
1759,11043000
1760,10980000
1761,11010000
1762,10967000
1763,11190000
1764,11767000
1766,10211000
1767,10976000
1768,10985000
1769,11017000
1770,11118000
1771,11137000
1772,11190000
1773,11133000
1774,11180000
1775,11188000
1776,11795000
1778,10395000
1779,11439000
1780,11420000
1781,11341000
1782,12235000
1783,12190000
1784,12171000
1785,13349000
1787,10630000
1788,12196000
1789,12172000
1790,12243000
1791,11452000
1792,12198000
1793,13383000
1795,10528000
1796,11371000
1797,11456000
1798,11505000
1799,11529000
1800,11428000
1801,11494000
1802,11476000
1803,11478000
1804,12776000
1806,10544000
1807,11408000
1808,11393000
1809,11330000
1810,11383000
1811,11456000
1812,11510000
1813,11304000
1814,11423000
1815,12806000
1817,10664000
1818,12180000
1819,11271000
1820,11299000
1821,11471000
1822,11290000
1823,11464000
1824,11281000
1825,12762000
1827,10615000
1828,11290000
1829,11319000
1830,11420000
1831,11097000
1832,11334000
1833,11309000
1834,11387000
1835,11152000
1836,11230000
1837,11796000
1839,10256000
1840,11079000
1841,11112000
1842,11062000
1843,11109000
1844,11055000
1845,11094000
1846,11036000
1847,11204000
1848,11172000
1849,11798000
1851,10233000
1852,11073000
1853,11201000
1854,11051000
1855,11076000
1856,11034000
1857,11083000
1858,11018000
1859,11127000
1860,11172000
1861,11746000
1863,10295000
1864,11114000
1865,11155000
1866,11097000
1867,11130000
1868,11170000
1869,11058000
1870,11141000
1871,11093000
1872,11180000
1873,11758000
1875,10200000
1876,11171000
1877,11120000
1878,11087000
1879,11114000
1880,11151000
1881,11086000
1882,11135000
1883,11154000
1884,11195000
1885,11768000
1887,10254000
1888,11172000
1889,11041000
1890,11144000
1891,11092000
1892,11141000
1893,11091000
1894,11126000
1895,11075000
1896,11201000
1897,11763000
1899,10237000
1900,11156000
1901,11082000
1902,11123000
1903,11073000
1904,11123000
1905,11134000
1906,11101000
1907,11120000
1908,11164000
1909,11754000
1911,10232000
1912,11138000
1913,11084000
1914,11122000
1915,11128000
1916,11103000
1917,11135000
1918,11159000
1919,11063000
1920,11177000
1921,11764000
1923,10349000
1924,11106000
1925,11140000
1926,11093000
1927,11070000
1928,11092000
1929,11122000
1930,11132000
1931,11108000
1932,11184000
1933,11789000
1935,10215000
1936,11160000
1937,11069000
1938,11082000
1939,11127000
1940,11139000
1941,11094000
1942,11118000
1943,11106000
1944,11177000
1945,11776000
1947,10333000
1948,11217000
1949,11110000
1950,11133000
1951,11047000
1952,11238000
1953,11095000
1954,11104000
1955,11156000
1956,11176000
1957,11754000
1959,10255000
1960,11127000
1961,11094000
1962,11114000
1963,11146000
1964,11113000
1965,11065000
1966,11165000
1967,11132000
1968,11191000
1969,11758000
1971,10289000
1972,11114000
1973,11075000
1974,11104000
1975,11066000
1976,11171000
1977,11051000
1978,11094000
1979,11102000
1980,11180000
1981,11751000
1983,10212000
1984,11114000
1985,11130000
1986,11110000
1987,11114000
1988,11087000
1989,11103000
1990,11149000
1991,11083000
1992,11221000
1993,11750000
1995,10326000
1996,11166000
1997,11107000
1998,11243000
1999,11098000
2000,11144000
2001,11081000
2002,11130000
2003,11064000
2004,11264000
2005,11746000
2007,10376000
2008,11085000
2009,11018000
2010,10976000
2011,11014000
2012,11050000
2013,10936000
2014,10952000
2015,10992000
2016,11160000
2017,11790000
2019,10173000
2020,11131000
2021,11148000
2022,11037000
2023,11008000
2024,11019000
2025,11073000
2026,11010000
2027,11053000
2028,11173000
2029,11783000
2031,10170000
2032,11031000
2033,11015000
2034,10952000
2035,11062000
2036,11012000
2037,11061000
2038,11061000
2039,10956000
2040,11168000
2041,11780000
2043,10280000
2044,11080000
2045,11065000
2046,11069000
2047,11104000
2048,11132000
2049,11193000
2050,11119000
2051,11075000
2052,11164000
2053,11742000
2055,10363000
2056,11066000
2057,11039000
2058,10996000
2059,11147000
2060,11131000
2061,11077000
2062,11110000
2063,11064000
2064,11187000
2065,11761000
2067,10176000
2068,11148000
2069,11084000
2070,11124000
2071,11070000
2072,10771000
2073,11118000
2074,11093000
2075,11102000
2076,11024000
2077,11171000
2078,11197000
2079,11746000
2081,11326000
2082,11144000
2083,11228000
2084,11200000
2085,11083000
2086,11193000
2087,11123000
2088,11239000
2089,11196000
2090,11754000
2092,11395000
2093,11194000
2094,11172000
2095,11179000
2096,11172000
2097,11189000
2098,11134000
2099,11162000
2100,11251000
2101,11772000
2103,11309000
2104,11196000
2105,11146000
2106,11118000
2107,11215000
2108,11165000
2109,11070000
2110,11226000
2111,11193000
2112,11763000
2113,20294000
2115,10306000
2116,11154000
2117,11125000
2118,11201000
2119,11242000
2120,11129000
2121,11208000
2122,11248000
2123,11216000
2124,11176000
2125,11772000
2127,10320000
2128,11128000
2129,11231000
2130,11194000
2131,11107000
2132,11177000
2133,11149000
2134,11158000
2135,11142000
2136,11172000
2137,11759000
2139,11214000
2140,11221000
2141,11253000
2142,11204000
2143,11195000
2144,11074000
2145,11162000
2146,11195000
2147,11175000
2148,11831000
2150,10366000
2151,11106000
2152,11146000
2153,11188000
2154,11205000
2155,11218000
2156,11139000
2157,11140000
2158,11196000
2159,11183000
2160,11780000
2162,10344000
2163,11097000
2164,11208000
2165,11092000
2166,11072000
2167,11199000
2168,11194000
2169,11143000
2170,11118000
2171,11163000
2172,11844000
2174,11325000
2175,11127000
2176,11101000
2177,11242000
2178,11254000
2179,11097000
2180,11208000
2181,11076000
2182,11202000
2183,11767000
2185,11309000
2186,11154000
2187,11080000
2188,11195000
2189,11136000
2190,11126000
2191,11123000
2192,11086000
2193,11171000
2194,11766000
2196,11316000
2197,11055000
2198,11086000
2199,11254000
2200,11076000
2201,11158000
2202,11059000
2203,11153000
2204,11164000
2205,11816000
2207,10251000
2208,11006000
2209,11240000
2210,11061000
2211,11094000
2212,11195000
2213,11243000
2214,11114000
2215,11089000
2216,11177000
2217,11795000
2219,11290000
2220,11106000
2221,11142000
2222,11093000
2223,11133000
2224,11145000
2225,11061000
2226,11069000
2227,11071000
2228,11230000
2229,11787000
2231,11075000
2232,11095000
2233,11071000
2234,11017000
2235,11194000
2236,11069000
2237,11105000
2238,10980000
2239,11187000
2240,11767000
2242,11195000
2243,11032000
2244,11118000
2245,11003000
2246,11044000
2247,10989000
2248,11103000
2249,11151000
2250,11177000
2251,11750000
2253,10223000
2254,11059000
2255,11138000
2256,11034000
2257,11066000
2258,11032000
2259,11062000
2260,11098000
2261,11097000
2262,11192000
2263,11763000
2265,11230000
2266,10948000
2267,10964000
2268,11010000
2269,10976000
2270,11013000
2271,10960000
2272,10939000
2273,11054000
2274,11176000
2275,11763000
2277,11091000
2278,10997000
2279,10904000
2280,10956000
2281,10923000
2282,10997000
2283,11010000
2284,11082000
2285,10997000
2286,10947000
2287,10980000
2288,11176000
2289,11767000
2291,11054000
2292,11063000
2293,10914000
2294,10931000
2295,10964000
2296,10918000
2297,10960000
2298,10980000
2299,11181000
2300,11762000
2302,11135000
2303,10931000
2304,11057000
2305,11006000
2306,10967000
2307,11001000
2308,10968000
2309,10960000
2310,10915000
2311,10992000
2312,11081000
2313,10687000
2314,11092000
2315,11092000
2316,11098000
2317,11184000
2318,11187000
2319,11767000
2321,11234000
2322,11115000
2323,11099000
2324,11074000
2325,11096000
2326,11062000
2327,11080000
2328,11109000
2329,10993000
2330,11127000
2331,11159000
2332,11780000
2334,11202000
2335,11095000
2336,11131000
2337,11102000
2338,11021000
2339,11179000
2340,10999000
2341,11073000
2342,10785000
2343,11062000
2344,11095000
2345,11167000
2346,11795000
2348,11247000
2349,11062000
2350,11031000
2351,11062000
2352,11139000
2353,11110000
2354,11090000
2355,11058000
2356,11108000
2357,10908000
2358,11100000
2359,11095000
2360,11197000
2361,11759000
2363,11245000
2364,11075000
2365,11160000
2366,11017000
2367,10976000
2368,11169000
2369,10956000
2370,11062000
2371,11154000
2372,11191000
2373,11791000
2375,11228000
2376,11118000
2377,11077000
2378,11035000
2379,10998000
2380,11022000
2381,11200000
2382,11076000
2383,11163000
2384,11762000
2386,11173000
2387,10984000
2388,11025000
2389,11063000
2390,11140000
2391,11024000
2392,10980000
2393,11037000
2394,11188000
2395,11780000
2397,11177000
2398,11045000
2399,11019000
2400,11101000
2401,11003000
2402,11084000
2403,10989000
2404,11067000
2405,11070000
2406,11176000
2407,11746000
2409,11307000
2410,11190000
2411,11000000
2412,11095000
2413,11058000
2414,11007000
2415,11036000
2416,11073000
2417,11176000
2418,11803000
2420,11208000
2421,11020000
2422,11069000
2423,11092000
2424,10984000
2425,11073000
2426,11062000
2427,10993000
2428,11195000
2429,11766000
2431,11137000
2432,11076000
2433,11025000
2434,11062000
2435,11004000
2436,11119000
2437,11125000
2438,11154000
2439,11110000
2440,11197000
2441,11750000
2443,11319000
2444,11191000
2445,11114000
2446,11148000
2447,11099000
2448,11219000
2449,11366000
2450,10786000
2451,11085000
2452,11170000
2453,11198000
2454,11157000
2455,11066000
2456,11176000
2457,11810000
2459,11268000
2460,11104000
2461,10902000
2462,11005000
2463,10896000
2464,10952000
2465,11056000
2466,11077000
2467,11149000
2468,11023000
2469,11175000
2470,11177000
2471,11789000
2473,11171000
2474,11078000
2475,11034000
2476,11104000
2477,11042000
2478,11017000
2479,11119000
2480,11028000
2481,11080000
2482,10951000
2483,11002000
2484,11176000
2485,11171000
2486,11763000
2488,11237000
2489,11073000
2490,11030000
2491,11100000
2492,11001000
2493,10956000
2494,11066000
2495,11089000
2496,11059000
2497,11070000
2498,11199000
2499,11172000
2500,11776000
2502,11198000
2503,11015000
2504,11054000
2505,11034000
2506,11091000
2507,11047000
2508,11061000
2509,10995000
2510,11114000
2511,10897000
2512,11031000
2513,11172000
2514,11181000
2515,11758000
2517,11215000
2518,11073000
2519,10994000
2520,11108000
2521,11062000
2522,10992000
2523,11070000
2524,10985000
2525,10947000
2526,10792000
2527,11065000
2528,11063000
2529,11009000
2530,11176000
2531,11172000
2532,11791000
2534,11159000
2535,10960000
2536,11021000
2537,10620000
2538,10923000
2539,10980000
2540,10967000
2541,10927000
2542,10984000
2543,10943000
2544,11073000
2545,11001000
2546,11089000
2547,10699000
2548,11273000
2549,10960000
2550,11110000
2551,10960000
2552,11065000
2553,10989000
2554,11187000
2555,11784000
2557,11141000
2558,11086000
2559,10715000
2560,11267000
2561,11147000
2562,10999000
2563,11030000
2564,10989000
2565,11014000
2566,11199000
2567,10960000
2568,11041000
2569,11114000
2570,11180000
2571,11742000
2573,11263000
2574,11102000
2575,10976000
2576,10948000
2577,10612000
2578,10644000
2579,11065000
2580,11277000
2581,10968000
2582,11086000
2583,11038000
2584,10976000
2585,11058000
2586,11200000
2587,11785000
2589,11196000
2590,10984000
2591,10999000
2592,11085000
2593,10985000
2594,11066000
2595,11073000
2596,10984000
2597,10939000
2598,10931000
2599,10968000
2600,10972000
2601,11088000
2602,10959000
2603,11186000
2604,11164000
2605,11163000
2606,11742000
2608,11179000
2609,11087000
2610,11237000
2611,11083000
2612,11038000
2613,11077000
2614,11122000
2615,11049000
2616,10947000
2617,10768000
2618,11001000
2619,10989000
2620,11024000
2621,11028000
2622,10927000
2623,10675000
2624,11087000
2625,10609000
2626,10636000
2627,11115000
2628,11094000
2629,10900000
2630,10984000
2631,11168000
2632,11180000
2633,11750000
2635,11235000
2636,11066000
2637,11022000
2638,10788000
2639,10985000
2640,11029000
2641,10964000
2642,10964000
2643,11037000
2644,11006000
2645,10980000
2646,11194000
2647,11768000
2649,11192000
2650,11074000
2651,11064000
2652,11005000
2653,10972000
2654,11103000
2655,11058000
2656,11074000
2657,11037000
2658,10956000
2659,11061000
2660,11042000
2661,11091000
2662,10923000
2663,11094000
2664,10698000
2665,10939000
2666,11058000
2667,11080000
2668,11030000
2669,11191000
2670,11772000
2672,11111000
2673,11085000
2674,11057000
2675,11066000
2676,11009000
2677,11005000
2678,10914000
2679,11016000
2680,11051000
2681,11081000
2682,10960000
2683,10698000
2684,11075000
2685,11026000
2686,11183000
2687,11198000
2688,11184000
2689,11758000
2691,11064000
2692,10993000
2693,11024000
2694,11059000
2695,10967000
2696,11023000
2697,10980000
2698,11063000
2699,11066000
2700,11002000
2701,11004000
2702,11051000
2703,10952000
2704,11004000
2705,11043000
2706,10960000
2707,11163000
2708,11183000
2709,11160000
2710,11759000
2712,11100000
2713,11057000
2714,11110000
2715,11058000
2716,11069000
2717,10960000
2718,11010000
2719,10972000
2720,10972000
2721,10948000
2722,11009000
2723,11033000
2724,10923000
2725,11134000
2726,10906000
2727,10904000
2728,11091000
2729,11078000
2730,10918000
2731,11021000
2732,11058000
2733,11036000
2734,10956000
2735,11093000
2736,10626000
2737,10988000
2738,10968000
2739,11110000
2740,11172000
2741,11758000
2743,11188000
2744,11074000
2745,11077000
2746,10931000
2747,10998000
2748,11180000
2749,11030000
2750,10960000
2751,11001000
2752,11059000
2753,11068000
2754,11081000
2755,10976000
2756,11096000
2757,10993000
2758,10975000
2759,11074000
2760,11074000
2761,11016000
2762,11175000
2763,11171000
2764,11790000
2766,11178000
2767,11079000
2768,11056000
2769,11015000
2770,11027000
2771,11053000
2772,11032000
2773,11005000
2774,11090000
2775,11056000
2776,11015000
2777,10998000
2778,10960000
2779,11063000
2780,10976000
2781,11037000
2782,11066000
2783,11060000
2784,11036000
2785,10960000
2786,10980000
2787,11059000
2788,11230000
2789,11850000
2791,11117000
2792,11034000
2793,11104000
2794,10976000
2795,10971000
2796,10989000
2797,11070000
2798,11113000
2799,11092000
2800,11062000
2801,11027000
2802,11061000
2803,10948000
2804,10940000
2805,11060000
2806,10980000
2807,11027000
2808,11045000
2809,10939000
2810,10625000
2811,11065000
2812,11005000
2813,11012000
2814,10980000
2815,11019000
2816,11200000
2817,11190000
2818,11180000
2819,11176000
2820,11790000
2822,11145000
2823,10972000
2824,10927000
2825,10952000
2826,10999000
2827,11008000
2828,11023000
2829,10976000
2830,11051000
2831,10884000
2832,11041000
2833,11118000
2834,11073000
2835,10967000
2836,10956000
2837,10980000
2838,10972000
2839,11038000
2840,10940000
2841,10992000
2842,10984000
2843,10984000
2844,11076000
2845,10989000
2846,11177000
2847,11797000
2849,11280000
2850,11062000
2851,11027000
2852,11043000
2853,11042000
2854,11000000
2855,10997000
2856,10927000
2857,10892000
2858,10992000
2859,10939000
2860,11073000
2861,11159000
2862,11762000
2864,11147000
2865,11040000
2866,11039000
2867,11062000
2868,10980000
2869,10952000
2870,10967000
2871,10685000
2872,11076000
2873,11022000
2874,11003000
2875,10964000
2876,11013000
2877,11017000
2878,11079000
2879,11172000
2880,11781000
2882,11215000
2883,11038000
2884,11113000
2885,11028000
2886,11000000
2887,10972000
2888,11063000
2889,11148000
2890,11075000
2891,11067000
2892,10972000
2893,11028000
2894,10972000
2895,11176000
2896,11864000
2898,11271000
2899,11163000
2900,11115000
2901,11003000
2902,11032000
2903,10994000
2904,11014000
2905,11065000
2906,11187000
2907,11783000
2909,11199000
2910,11096000
2911,10976000
2912,10931000
2913,10988000
2914,10997000
2915,11029000
2916,11059000
2917,11191000
2918,11759000
2920,11127000
2921,10960000
2922,11107000
2923,11085000
2924,10964000
2925,11011000
2926,10952000
2927,10980000
2928,11180000
2929,11801000
2931,11132000
2932,11023000
2933,10918000
2934,10997000
2935,10971000
2936,10984000
2937,11043000
2938,10984000
2939,11187000
2940,11770000
2942,11196000
2943,11028000
2944,10968000
2945,10999000
2946,11044000
2947,10976000
2948,11027000
2949,10967000
2950,11191000
2951,11766000
2953,11112000
2954,11031000
2955,11055000
2956,11009000
2957,10956000
2958,10948000
2959,10972000
2960,11025000
2961,11024000
2962,11194000
2963,11750000
2965,11177000
2966,11007000
2967,11024000
2968,10931000
2969,11011000
2970,10975000
2971,10923000
2972,10972000
2973,11181000
2974,11780000
2976,11125000
2977,10993000
2978,11043000
2979,10980000
2980,11376000
2981,11219000
2982,11213000
2983,11362000
2984,11342000
2985,11795000
2987,11433000
2988,11359000
2989,11225000
2990,11202000
2991,11141000
2992,11190000
2993,11136000
2994,11088000
2995,11175000
2996,11788000
2998,11239000
2999,11211000
3000,11088000
3001,11110000
3002,11134000
3003,11098000
3004,11127000
3005,11159000
3006,11168000
3007,11776000
3009,11317000
3010,11262000
3011,11242000
3012,11235000
3013,11208000
3014,11155000
3015,11146000
3016,11161000
3017,11254000
3018,11751000
3020,11315000
3021,11207000
3022,11102000
3023,11249000
3024,11082000
3025,11066000
3026,11122000
3027,11194000
3028,11104000
3029,11159000
3030,11206000
3031,11071000
3032,11055000
3033,11090000
3034,11186000
3035,11072000
3036,10990000
3037,11050000
3038,11059000
3039,11086000
3040,11037000
3041,11068000
3042,11081000
3043,11051000
3044,11062000
3045,11087000
3046,11047000
3047,11061000
3048,11065000
3049,11036000
3050,11054000
3051,11072000
3052,11086000
3053,11062000
3054,11050000
3055,11032000
3056,11019000
3057,11076000
3058,11063000
3059,11058000
3060,11126000
3061,11051000
3062,11090000
3063,11077000
3064,11057000
3065,11058000
3066,11032000
3067,11098000
3068,11082000
3069,11086000
3070,11050000
3071,11201000
3072,11175000
3073,11270000
3074,11071000
3075,11029000
3076,11205000
3077,11098000
3078,11101000
3079,11067000
3080,11084000
3081,11050000
3082,11054000
3083,11082000
3084,11201000
3085,11062000
3086,11068000
3087,11035000
3088,11050000
3089,11010000
3090,11090000
3091,11066000
3092,11000000
3093,11028000
3094,11092000
3095,11079000
3096,11063000
3097,10980000
3098,11043000
3099,11051000
3100,11085000
3101,11084000
3102,11057000
3103,11058000
3104,11031000
3105,11090000
3106,11070000
3107,11008000
3108,10843000
3109,11055000
3110,11191000
3111,11026000
3112,11067000
3113,11073000
3114,11059000
3115,11023000
3116,11031000
3117,11076000
3118,11001000
3119,11058000
3120,11058000
3121,11008000
3122,11037000
3123,11072000
3124,11069000
3125,11043000
3126,11061000
3127,11021000
3128,11097000
3129,11062000
3130,11003000
3131,11018000
3132,11104000
3133,11071000
3134,11180000
3135,11059000
3136,11121000
3137,11031000
3138,11165000
3139,11076000
3140,11065000
3141,11065000
3142,11106000
3143,11163000
3144,10819000
3145,11024000
3146,11124000
3147,11175000
3148,11098000
3149,11026000
3150,11004000
3151,11065000
3152,11058000
3153,11064000
3154,11165000
3155,11148000
3156,11071000
3157,11174000
3158,11110000
3159,11019000
3160,11232000
3161,11054000
3162,10993000
3163,11107000
3164,11127000
3165,11016000
3166,11089000
3167,11126000
3168,11011000
3169,10960000
3170,11034000
3171,10923000
3172,11162000
3173,11187000
3174,11225000
3175,11345000
3176,11353000
3177,11176000
3178,11299000
3179,11338000
3180,11191000
3181,11282000
3182,11338000
3183,11200000
3184,11378000
3185,11307000
3186,11156000
3187,11215000
3188,11442000
3189,11357000
3190,11314000
3191,11149000
3192,11196000
3193,11180000
3194,11303000
3195,12784000
3197,11484000
3198,11316000
3199,11329000
3200,11290000
3201,11270000
3202,11331000
3203,11194000
3204,11217000
3205,11337000
3206,11318000
3207,11227000
3208,11278000
3209,11270000
3210,11437000
3211,11245000
3212,11165000
3213,11342000
3214,11195000
3215,11264000
3216,11209000
3217,11298000
3218,11180000
3219,11327000
3220,11313000
3221,11228000
3222,11297000
3223,11265000
3224,11338000
3225,11367000
3226,11339000
3227,11413000
3228,11153000
3229,11204000
3230,11176000
3231,11794000
3233,11587000
3234,11245000
3235,11200000
3236,11157000
3237,11341000
3238,11198000
3239,11214000
3240,11290000
3241,11264000
3242,11169000
3243,11857000
3245,11491000
3246,11291000
3247,11340000
3248,11278000
3249,11059000
3250,11266000
3251,11305000
3252,11360000
3253,11160000
3254,11252000
3255,11226000
3256,10841000
3257,11171000
3258,11077000
3259,11304000
3260,11200000
3261,11840000
3263,11458000
3264,11204000
3265,11303000
3266,11338000
3267,11296000
3268,11202000
3269,11361000
3270,11105000
3271,11248000
3272,11791000
3274,11461000
3275,11342000
3276,11350000
3277,11205000
3278,11194000
3279,11128000
3280,11274000
3281,11211000
3282,11243000
3283,11163000
3284,11365000
3285,11176000
3286,11784000
3288,11306000
3289,11111000
3290,11126000
3291,11020000
3292,11181000
3293,11105000
3294,11116000
3295,11088000
3296,11168000
3297,11063000
3298,11201000
3299,11171000
3300,11163000
3301,11145000
3302,11063000
3303,11111000
3304,11179000
3305,11102000
3306,11077000
3307,10855000
3308,11007000
3309,11137000
3310,11128000
3311,11066000
3312,11012000
3313,11135000
3314,11122000
3315,11199000
3316,11051000
3317,11093000
3318,11074000
3319,11136000
3320,11122000
3321,11082000
3322,11165000
3323,11110000
3324,11055000
3325,11160000
3326,11086000
3327,11098000
3328,11246000
3329,11154000
3330,11167000
3331,11050000
3332,11272000
3333,11140000
3334,11145000
3335,11055000
3336,11202000
3337,11158000
3338,11097000
3339,11282000
3340,10838000
3341,11053000
3342,11167000
3343,11012000
3344,11187000
3345,11096000
3346,11015000
3347,11334000
3348,11303000
3349,11075000
3350,11251000
3351,11159000
3352,11844000
3354,11322000
3355,11160000
3356,10961000
3357,11151000
3358,11190000
3359,11153000
3360,11237000
3361,11204000
3362,11252000
3363,11160000
3364,11315000
3365,11287000
3366,11190000
3367,11868000
3369,11430000
3370,11290000
3371,11267000
3372,11315000
3373,11195000
3374,11260000
3375,11249000
3376,11173000
3377,11277000
3378,10984000
3379,10944000
3380,11004000
3381,11029000
3382,11073000
3383,10836000
3384,10917000
3385,10875000
3386,10878000
3387,10853000
3388,10870000
3389,10989000
3390,10893000
3391,10796000
3392,10883000
3393,10854000
3394,10914000
3395,10896000
3396,10883000
3397,10876000
3398,10856000
3399,10844000
3400,10827000
3401,10884000
3402,10796000
3403,10870000
3404,10832000
3405,10767000
3406,10880000
3407,10888000
3408,10862000
3409,10927000
3410,10840000
3411,10906000
3412,10879000
3413,10883000
3414,10919000
3415,10855000
3416,10836000
3417,10896000
3418,10808000
3419,11171000
3420,11179000
3421,11163000
3422,11176000
3423,11172000
3424,11201000
3425,11167000
3426,11195000
3427,11176000
3428,11191000
3429,11176000
3430,11195000
3431,11163000
3432,11191000
3433,11176000
3434,11195000
3435,11172000
3436,11194000
3437,11199000
3438,11195000
3439,11167000
3440,11168000
3441,11172000
3442,11177000
3443,11175000
3444,11177000
3445,11181000
3446,11176000
3447,11155000
3448,11184000
3449,11787000
3451,11068000
3452,10903000
3453,10918000
3454,10927000
3455,10694000
3456,10963000
3457,11023000
3458,10988000
3459,10910000
3460,10897000
3461,11070000
3462,10905000
3463,10912000
3464,10993000
3465,10908000
3466,10874000
3467,11070000
3468,11255000
3469,11037000
3470,10892000
3471,10805000
3472,10876000
3473,10848000
3474,10779000
3475,10827000
3476,10904000
3477,10877000
3478,10852000
3479,10864000
3480,10886000
3481,10896000
3482,10904000
3483,10874000
3484,10984000
3485,10840000
3486,10848000
3487,10892000
3488,10883000
3489,10800000
3490,10855000
3491,10836000
3492,10824000
3493,10904000
3494,10883000
3495,10883000
3496,10848000
3497,10852000
3498,10823000
3499,10908000
3500,10804000
3501,10851000
3502,10828000
3503,10851000
3504,10884000
3505,10880000
3506,10853000
3507,10939000
3508,10815000
3509,10880000
3510,10870000
3511,10847000
3512,10859000
3513,11114000
3514,11324000
3515,11162000
3516,11288000
3517,11263000
3518,11269000
3519,10896000
3520,10904000
3521,10936000
3522,10947000
3523,10910000
3524,10910000
3525,10892000
3526,10980000
3527,10927000
3528,10927000
3529,10904000
3530,10912000
3531,10879000
3532,10874000
3533,10796000
3534,10771000
3535,10914000
3536,10884000
3537,10904000
3538,10935000
3539,10931000
3540,10900000
3541,11197000
3542,11155000
3543,11151000
3544,11262000
3545,11209000
3546,11190000
3547,11304000
3548,11160000
3549,11156000
3550,11118000
3551,11164000
3552,10756000
3553,11195000
3554,11251000
3555,11759000
3557,11225000
3558,10915000
3559,11176000
3560,11136000
3561,11154000
3562,11148000
3563,11247000
3564,11155000
3565,11176000
3566,11135000
3567,11114000
3568,11195000
3569,11768000
3571,11321000
3572,11172000
3573,11110000
3574,11194000
3575,11112000
3576,11202000
3577,11143000
3578,11114000
3579,11127000
3580,11176000
3581,11187000
3582,11836000
3584,11323000
3585,11196000
3586,11094000
3587,10836000
3588,11157000
3589,11149000
3590,11110000
3591,11132000
3592,11169000
3593,11199000
3594,11171000
3595,10860000
3596,11175000
3597,11802000
3599,11186000
3600,11037000
3601,11061000
3602,11165000
3603,11187000
3604,11062000
3605,11116000
3606,11017000
3607,11111000
3608,11142000
3609,11080000
3610,11106000
3611,11193000
3612,11092000
3613,11227000
3614,11071000
3615,11082000
3616,11187000
3617,11032000
3618,11292000
3619,10998000
3620,11200000
3621,11183000
3622,11412000
3623,11155000
3624,11066000
3625,11041000
3626,11020000
3627,10989000
3628,10980000
3629,10964000
3630,10900000
3631,11000000
3632,11077000
3633,11097000
3634,11101000
3635,11058000
3636,11065000
3637,11111000
3638,11029000
3639,11081000
3640,11069000
3641,11065000
3642,11120000
3643,11055000
3644,11087000
3645,11168000
3646,11070000
3647,11199000
3648,11117000
3649,11121000
3650,10875000
3651,11078000
3652,11062000
3653,11131000
3654,11093000
3655,11100000
3656,11154000
3657,11080000
3658,11307000
3659,11030000
3660,11032000
3661,11066000
3662,11138000
3663,11058000
3664,11278000
3665,11022000
3666,11168000
3667,11067000
3668,11144000
3669,11118000
3670,11043000
3671,11084000
3672,11097000
3673,11066000
3674,11144000
3675,11106000
3676,11115000
3677,11081000
3678,11079000
3679,11066000
3680,11055000
3681,11026000
3682,11082000
3683,11073000
3684,11197000
3685,11062000
3686,11101000
3687,11045000
3688,11083000
3689,11074000
3690,11070000
3691,11099000
3692,11069000
3693,11069000
3694,11113000
3695,11192000
3696,11083000
3697,11086000
3698,11070000
3699,11140000
3700,11101000
3701,10939000
3702,10871000
3703,11063000
3704,11115000
3705,10964000
3706,11119000
3707,11011000
3708,10871000
3709,11128000
3710,11269000
3711,11132000
3712,11094000
3713,11142000
3714,11094000
3715,11066000
3716,11194000
3717,11030000
3718,11108000
3719,11005000
3720,11074000
3721,11098000
3722,11101000
3723,11088000
3724,11148000
3725,11070000
3726,11114000
3727,11058000
3728,11098000
3729,11208000
3730,11133000
3731,11132000
3732,11043000
3733,11062000
3734,10944000
3735,11089000
3736,10985000
3737,11070000
3738,11079000
3739,11179000
3740,11184000
3741,11164000
3742,11180000
3743,11167000
3744,11180000
3745,11176000
3746,11194000
3747,11176000
3748,11195000
3749,11180000
3750,11191000
3751,11163000
3752,11195000
3753,11171000
3754,11192000
3755,11763000
3757,11229000
3758,11108000
3759,11122000
3760,11204000
3761,11079000
3762,11062000
3763,11110000
3764,11111000
3765,11277000
3766,11072000
3767,11053000
3768,11124000
3769,11021000
3770,11090000
3771,10923000
3772,10980000
3773,11059000
3774,11035000
3775,11237000
3776,11005000
3777,11082000
3778,11058000
3779,11201000
3780,11031000
3781,11018000
3782,11069000
3783,11079000
3784,11062000
3785,11125000
3786,11021000
3787,11094000
3788,11069000
3789,11132000
3790,11038000
3791,11021000
3792,11086000
3793,11066000
3794,10980000
3795,11054000
3796,11038000
3797,11018000
3798,11186000
3799,11067000
3800,11062000
3801,11029000
3802,11051000
3803,11084000
3804,11066000
3805,10906000
3806,11066000
3807,11021000
3808,11012000
3809,11060000
3810,11077000
3811,11050000
3812,11031000
3813,11025000
3814,11009000
3815,11069000
3816,11056000
3817,11062000
3818,11027000
3819,11103000
3820,11001000
3821,11079000
3822,10968000
3823,11041000
3824,11023000
3825,11101000
3826,11069000
3827,11070000
3828,11058000
3829,11042000
3830,11008000
3831,10999000
3832,11002000
3833,10980000
3834,11104000
3835,10952000
3836,11086000
3837,11066000
3838,10992000
3839,11036000
3840,11117000
3841,11149000
3842,11079000
3843,11058000
3844,11074000
3845,11028000
3846,11105000
3847,11010000
3848,11173000
3849,11058000
3850,11063000
3851,11009000
3852,11081000
3853,11069000
3854,11058000
3855,10971000
3856,11034000
3857,10948000
3858,10870000
3859,11082000
3860,11055000
3861,11032000
3862,11202000
3863,11093000
3864,11070000
3865,11074000
3866,11033000
3867,11115000
3868,11081000
3869,11084000
3870,11062000
3871,11061000
3872,11034000
3873,11087000
3874,11085000
3875,11065000
3876,11048000
3877,11043000
3878,11030000
3879,11009000
3880,11005000
3881,10972000
3882,11074000
3883,11027000
3884,10735000
3885,11026000
3886,11042000
3887,11078000
3888,11004000
3889,11054000
3890,11063000
3891,10952000
3892,11027000
3893,11071000
3894,11062000
3895,11059000
3896,11028000
3897,11019000
3898,11007000
3899,11069000
3900,11147000
3901,11108000
3902,10952000
3903,10935000
3904,10919000
3905,10861000
3906,11017000
3907,10896000
3908,10875000
3909,10879000
3910,10993000
3911,10851000
3912,10908000
3913,10912000
3914,10948000
3915,10896000
3916,10904000
3917,10879000
3918,10931000
3919,10840000
3920,10848000
3921,10815000
3922,10831000
3923,10931000
3924,10874000
3925,10908000
3926,10914000
3927,10884000
3928,10892000
3929,10855000
3930,10859000
3931,10896000
3932,10908000
3933,10804000
3934,10943000
3935,10860000
3936,10844000
3937,10827000
3938,10888000
3939,10874000
3940,10865000
3941,10844000
3942,10904000
3943,10908000
3944,10883000
3945,10882000
3946,10853000
3947,10859000
3948,11067000
3949,10892000
3950,11007000
3951,10927000
3952,10906000
3953,10840000
3954,10896000
3955,10887000
3956,10865000
3957,10848000
3958,10908000
3959,10888000
3960,10887000
3961,10792000
3962,10855000
3963,10844000
3964,10844000
3965,10900000
3966,10900000
3967,10870000
3968,10866000
3969,10900000
3970,10912000
3971,10875000
3972,10878000
3973,10855000
3974,10870000
3975,10892000
3976,10904000
3977,10873000
3978,10860000
3979,10848000
3980,10896000
3981,10884000
3982,10809000
3983,10870000
3984,10558000
3985,10878000
3986,10871000
3987,10848000
3988,10892000
3989,10896000
3990,10879000
3991,10479000
3992,10873000
3993,10968000
3994,10896000
3995,10866000
3996,10900000
3997,10886000
3998,10853000
3999,10984000
4000,10900000
4001,10875000
4002,10870000
4003,10847000
4004,10919000
4005,10888000
4006,10823000
4007,10866000
4008,10875000
4009,10852000
4010,10906000
4011,10880000
4012,10900000
4013,10866000
4014,10869000
4015,10832000
4016,10906000
4017,10880000
4018,10879000
4019,10855000
4020,10880000
4021,10870000
4022,10861000
4023,10847000
4024,10516000
4025,10847000
4026,10828000
4027,10844000
4028,10944000
4029,10866000
4030,10857000
4031,10861000
4032,10896000
4033,10989000
4034,10858000
4035,10879000
4036,10840000
4037,10840000
4038,10815000
4039,11013000
4040,10863000
4041,10866000
4042,10849000
4043,10892000
4044,10896000
4045,10866000
4046,10864000
4047,10907000
4048,10902000
4049,10809000
4050,10896000
4051,10857000
4052,10931000
4053,10964000
4054,11058000
4055,11050000
4056,10936000
4057,10854000
4058,10927000
4059,10899000
4060,10960000
4061,10919000
4062,10919000
4063,10976000
4064,10964000
4065,10956000
4066,10941000
4067,10936000
4068,10981000
4069,10919000
4070,10956000
4071,10884000
4072,10940000
4073,10940000
4074,10911000
4075,10976000
4076,10927000
4077,10923000
4078,10960000
4079,10968000
4080,10936000
4081,10943000
4082,10911000
4083,10906000
4084,10896000
4085,12167000
4086,11248000
4087,11140000
4088,11001000
4089,10907000
4090,10902000
4091,11019000
4092,10956000
4093,10619000
4094,10952000
4095,10964000
4096,11123000
4097,11020000
4098,10880000
4099,11132000
4100,11137000
4101,11159000
4102,11034000
4103,11074000
4104,11065000
4105,11126000
4106,11101000
4107,11104000
4108,11088000
4109,11079000
4110,11066000
4111,11066000
4112,11032000
4113,11109000
4114,11085000
4115,11220000
4116,11059000
4117,11119000
4118,11028000
4119,11106000
4120,11069000
4121,11142000
4122,10984000
4123,11128000
4124,11029000
4125,11078000
4126,11073000
4127,11058000
4128,11105000
4129,11002000
4130,10928000
4131,10902000
4132,10844000
4133,10951000
4134,11103000
4135,11130000
4136,11142000
4137,11052000
4138,11120000
4139,11148000
4140,11184000
4141,11151000
4142,11192000
4143,11167000
4144,11176000
4145,11176000
4146,11187000
4147,11191000
4148,11190000
4149,11172000
4150,11176000
4151,11172000
4152,11176000
4153,11242000
4154,11183000
4155,11200000
4156,11176000
4157,11191000
4158,11188000
4159,11198000
4160,11176000
4161,11186000
4162,11177000
4163,11175000
4164,11172000
4165,11180000
4166,11172000
4167,11171000
4168,11202000
4169,11180000
4170,11176000
4171,11159000
4172,11191000
4173,11172000
4174,11192000
4175,11171000
4176,11210000
4177,11187000
4178,11248000
4179,11171000
4180,11228000
4181,11159000
4182,11180000
4183,11187000
4184,11194000
4185,11176000
4186,11267000
4187,12762000
4189,11321000
4190,11250000
4191,11226000
4192,11102000
4193,11197000
4194,11132000
4195,11122000
4196,11173000
4197,11171000
4198,11078000
4199,11080000
4200,11385000
4201,11114000
4202,11224000
4203,11224000
4204,10997000
4205,11062000
4206,11311000
4207,11054000
4208,11212000
4209,11153000
4210,11062000
4211,11203000
4212,11188000
4213,11106000
4214,11210000
4215,11197000
4216,11065000
4217,11110000
4218,11140000
4219,11127000
4220,11122000
4221,11101000
4222,11109000
4223,11228000
4224,11076000
4225,11123000
4226,11123000
4227,11033000
4228,11163000
4229,11209000
4230,11205000
4231,11028000
4232,11043000
4233,11083000
4234,11243000
4235,11065000
4236,11187000
4237,11241000
4238,11023000
4239,11219000
4240,11107000
4241,11091000
4242,11210000
4243,11118000
4244,11024000
4245,11105000
4246,11208000
4247,11140000
4248,11118000
4249,11350000
4250,11070000
4251,11197000
4252,11213000
4253,11074000
4254,11174000
4255,11096000
4256,11069000
4257,11191000
4258,11046000
4259,11033000
4260,11085000
4261,11068000
4262,10998000
4263,11194000
4264,11129000
4265,11017000
4266,11090000
4267,11140000
4268,11004000
4269,11031000
4270,11042000
4271,11079000
4272,11034000
4273,11197000
4274,10988000
4275,11041000
4276,11100000
4277,11011000
4278,11065000
4279,10980000
4280,10968000
4281,11016000
4282,11077000
4283,10931000
4284,11062000
4285,11058000
4286,10956000
4287,11039000
4288,11078000
4289,11199000
4290,11020000
4291,11094000
4292,10994000
4293,11180000
4294,11176000
4295,11194000
4296,11176000
4297,11253000
4298,11176000
4299,11176000
4300,11192000
4301,11163000
4302,11172000
4303,11160000
4304,11778000
4306,11222000
4307,11063000
4308,11029000
4309,11004000
4310,11180000
4311,10987000
4312,10988000
4313,10956000
4314,11116000
4315,11005000
4316,11086000
4317,11056000
4318,10993000
4319,11092000
4320,11026000
4321,10986000
4322,11010000
4323,11055000
4324,10963000
4325,11020000
4326,11084000
4327,10989000
4328,11120000
4329,11046000
4330,10956000
4331,11013000
4332,11080000
4333,11004000
4334,11069000
4335,11038000
4336,11092000
4337,11026000
4338,10989000
4339,11126000
4340,11113000
4341,11176000
4342,11220000
4343,10693000
4344,11066000
4345,10674000
4346,11069000
4347,11105000
4348,11220000
4349,10989000
4350,11070000
4351,11156000
4352,11123000
4353,11118000
4354,11118000
4355,11085000
4356,11076000
4357,10963000
4358,11115000
4359,11112000
4360,11132000
4361,11025000
4362,11028000
4363,11003000
4364,11012000
4365,11044000
4366,11103000
4367,11160000
4368,11191000
4369,11106000
4370,11037000
4371,11032000
4372,11068000
4373,11066000
4374,11384000
4375,11191000
4376,10985000
4377,11066000
4378,11077000
4379,11074000
4380,11061000
4381,11104000
4382,11091000
4383,11200000
4384,11187000
4385,11799000
4387,11184000
4388,11075000
4389,11082000
4390,10976000
4391,11058000
4392,11097000
4393,11121000
4394,11120000
4395,11170000
4396,11062000
4397,11021000
4398,11008000
4399,11066000
4400,11064000
4401,11024000
4402,11164000
4403,11071000
4404,11001000
4405,10972000
4406,11058000
4407,11016000
4408,11151000
4409,11060000
4410,11133000
4411,11026000
4412,11181000
4413,11151000
4414,11076000
4415,11002000
4416,10952000
4417,11014000
4418,11030000
4419,11034000
4420,10935000
4421,11078000
4422,11058000
4423,11114000
4424,10923000
4425,11008000
4426,11066000
4427,11115000
4428,11218000
4429,11071000
4430,11167000
4431,11023000
4432,11208000
4433,11224000
4434,11187000
4435,11111000
4436,11029000
4437,11085000
4438,11002000
4439,11187000
4440,11192000
4441,11755000
4443,11195000
4444,11066000
4445,11112000
4446,11038000
4447,11086000
4448,11168000
4449,11033000
4450,11101000
4451,11003000
4452,11205000
4453,10972000
4454,11177000
4455,11021000
4456,11099000
4457,11132000
4458,10993000
4459,11051000
4460,11343000
4461,11120000
4462,11191000
4463,11164000
4464,11199000
4465,11191000
4466,11036000
4467,11093000
4468,10931000
4469,10972000
4470,10813000
4471,11161000
4472,11196000
4473,11073000
4474,11191000
4475,11191000
4476,11153000
4477,11099000
4478,11078000
4479,10927000
4480,11106000
4481,11023000
4482,10832000
4483,10915000
4484,10875000
4485,10939000
4486,10927000
4487,10884000
4488,10918000
4489,10901000
4490,11205000
4491,11751000
4493,10970000
4494,10840000
4495,10892000
4496,10826000
4497,10867000
4498,10939000
4499,10906000
4500,10908000
4501,10809000
4502,10813000
4503,10930000
4504,10884000
4505,10927000
4506,10800000
4507,10836000
4508,10906000
4509,10805000
4510,10972000
4511,10860000
4512,10964000
4513,10792000
4514,10964000
4515,10935000
4516,10911000
4517,11073000
4518,10960000
4519,10967000
4520,10904000
4521,11058000
4522,11059000
4523,10904000
4524,11194000
4525,11192000
4526,11177000
4527,11171000
4528,11187000
4529,11794000
4531,11059000
4532,11085000
4533,10623000
4534,10734000
4535,10813000
4536,11038000
4537,10892000
4538,10873000
4539,10896000
4540,10948000
4541,10990000
4542,10920000
4543,10900000
4544,11026000
4545,10685000
4546,10993000
4547,10964000
4548,11114000
4549,10944000
4550,10854000
4551,11095000
4552,10871000
4553,10908000
4554,11154000
4555,10868000
4556,11005000
4557,10998000
4558,10943000
4559,10976000
4560,11172000
4561,11173000
4562,11176000
4563,11767000
4565,11095000
4566,11017000
4567,10910000
4568,10931000
4569,10927000
4570,10535000
4571,10967000
4572,10957000
4573,11024000
4574,10557000
4575,11013000
4576,10976000
4577,10968000
4578,10944000
4579,11069000
4580,10863000
4581,11034000
4582,11021000
4583,10888000
4584,10626000
4585,10952000
4586,10994000
4587,10908000
4588,10874000
4589,10976000
4590,11009000
4591,10915000
4592,10968000
4593,11176000
4594,11200000
4595,11168000
4596,11191000
4597,11172000
4598,10574000
4599,11024000
4600,11176000
4601,11163000
4602,11187000
4603,11755000
4605,11068000
4606,11085000
4607,10972000
4608,11052000
4609,11095000
4610,10888000
4611,10927000
4612,11130000
4613,10840000
4614,10913000
4615,10994000
4616,10879000
4617,10943000
4618,10911000
4619,10964000
4620,11143000
4621,11191000
4622,11204000
4623,11194000
4624,11075000
4625,11007000
4626,11168000
4627,11021000
4628,10919000
4629,11194000
4630,11177000
4631,11172000
4632,11763000
4634,11195000
4635,10939000
4636,10931000
4637,11036000
4638,10879000
4639,11010000
4640,10996000
4641,11119000
4642,10905000
4643,11058000
4644,10919000
4645,10963000
4646,11006000
4647,10939000
4648,10919000
4649,10888000
4650,11082000
4651,11048000
4652,11210000
4653,11167000
4654,11784000
4656,11058000
4657,11098000
4658,10964000
4659,10998000
4660,11006000
4661,10977000
4662,10979000
4663,10910000
4664,11043000
4665,10996000
4666,10971000
4667,11007000
4668,11200000
4669,11026000
4670,10884000
4671,11001000
4672,11172000
4673,11180000
4674,11773000
4676,11158000
4677,10976000
4678,10976000
4679,10956000
4680,11023000
4681,11003000
4682,11199000
4683,10964000
4684,10980000
4685,11048000
4686,10896000
4687,11004000
4688,10943000
4689,10998000
4690,11062000
4691,11186000
4692,10956000
4693,10888000
4694,10564000
4695,11012000
4696,10910000
4697,11145000
4698,10994000
4699,10600000
4700,10630000
4701,10992000
4702,10923000
4703,10897000
4704,11019000
4705,10986000
4706,11072000
4707,10892000
4708,10935000
4709,10968000
4710,11050000
4711,10693000
4712,11038000
4713,10867000
4714,10959000
4715,10952000
4716,11000000
4717,10892000
4718,11198000
4719,11172000
4720,11768000
4722,11054000
4723,10935000
4724,11019000
4725,10923000
4726,11171000
4727,10919000
4728,10971000
4729,10956000
4730,10861000
4731,10900000
4732,11242000
4733,10980000
4734,10826000
4735,10935000
4736,10972000
4737,11042000
4738,10914000
4739,11073000
4740,11172000
4741,11186000
4742,11176000
4743,11784000
4745,11033000
4746,10836000
4747,10840000
4748,10817000
4749,10827000
4750,11203000
4751,10988000
4752,10892000
4753,10823000
4754,10883000
4755,10904000
4756,10931000
4757,10850000
4758,10848000
4759,10792000
4760,10796000
4761,10832000
4762,10912000
4763,10813000
4764,11019000
4765,10967000
4766,10870000
4767,10848000
4768,10922000
4769,10717000
4770,10927000
4771,10898000
4772,10763000
4773,10813000
4774,11194000
4775,11180000
4776,11767000
4778,11090000
4779,10935000
4780,10888000
4781,10800000
4782,10775000
4783,10931000
4784,10892000
4785,10852000
4786,10855000
4787,10844000
4788,10817000
4789,10878000
4790,10869000
4791,10784000
4792,10840000
4793,10827000
4794,10808000
4795,10919000
4796,10870000
4797,10996000
4798,10907000
4799,10972000
4800,10879000
4801,10931000
4802,10784000
4803,11163000
4804,11165000
4805,11751000
4807,11068000
4808,10824000
4809,10747000
4810,10805000
4811,10861000
4812,10868000
4813,10813000
4814,10956000
4815,10788000
4816,10939000
4817,10763000
4818,10912000
4819,10808000
4820,10878000
4821,10847000
4822,10864000
4823,10827000
4824,10892000
4825,10874000
4826,10813000
4827,10914000
4828,10775000
4829,10888000
4830,10883000
4831,10724000
4832,10914000
4833,10771000
4834,11063000
4835,10823000
4836,10931000
4837,10813000
4838,10844000
4839,10840000
4840,10883000
4841,10892000
4842,10908000
4843,10840000
4844,10952000
4845,10923000
4846,10651000
4847,10783000
4848,10839000
4849,10742000
4850,10742000
4851,10717000
4852,10721000
4853,10767000
4854,10758000
4855,10808000
4856,10747000
4857,10860000
4858,10709000
4859,10763000
4860,10900000
4861,10647000
4862,10739000
4863,10701000
4864,10856000
4865,10896000
4866,10754000
4867,10651000
4868,10717000
4869,10862000
4870,10750000
4871,10663000
4872,10734000
4873,10713000
4874,10775000
4875,10705000
4876,10683000
4877,10746000
4878,10796000
4879,10726000
4880,10767000
4881,10693000
4882,10733000
4883,10821000
4884,10713000
4885,10792000
4886,10763000
4887,10896000
4888,10876000
4889,10871000
4890,10914000
4891,10819000
4892,11069000
4893,10911000
4894,10784000
4895,10823000
4896,10887000
4897,10792000
4898,11009000
4899,10904000
4900,10968000
4901,10944000
4902,10815000
4903,10780000
4904,10796000
4905,10892000
4906,10900000
4907,10871000
4908,10659000
4909,10701000
4910,10627000
4911,10671000
4912,10675000
4913,10667000
4914,10721000
4915,10705000
4916,10831000
4917,10688000
4918,10738000
4919,10736000
4920,10647000
4921,10715000
4922,10754000
4923,10821000
4924,10663000
4925,10667000
4926,10651000
4927,10705000
4928,10746000
4929,10683000
4930,10651000
4931,10856000
4932,10763000
4933,10746000
4934,10605000
4935,10577000
4936,10721000
4937,10627000
4938,10700000
4939,10684000
4940,10750000
4941,10720000
4942,10721000
4943,10697000
4944,10717000
4945,10663000
4946,10675000
4947,10647000
4948,10717000
4949,10835000
4950,10754000
4951,10862000
4952,10667000
4953,10697000
4954,10696000
4955,10680000
4956,10663000
4957,10663000
4958,10647000
4959,10701000
4960,10680000
4961,10684000
4962,10659000
4963,10738000
4964,10701000
4965,10767000
4966,10680000
4967,10692000
4968,10944000
4969,10721000
4970,10667000
4971,10800000
4972,10639000
4973,10705000
4974,10613000
4975,10671000
4976,10659000
4977,10855000
4978,10713000
4979,10618000
4980,10817000
4981,10655000
4982,10746000
4983,10750000
4984,10684000
4985,10648000
4986,10663000
4987,10626000
4988,10696000
4989,10675000
4990,10688000
4991,10713000
4992,10717000
4993,10692000
4994,10771000
4995,10800000
4996,10792000
4997,10643000
4998,10626000
4999,10688000
5000,10738000
5001,10879000
5002,10764000
5003,10784000
5004,10832000
5005,10840000
5006,10805000
5007,10813000
5008,10858000
5009,10855000
5010,10892000
5011,11172000
5012,11168000
5013,11782000
5015,11034000
5016,10805000
5017,10858000
5018,10755000
5019,10892000
5020,10866000
5021,10800000
5022,10772000
5023,10823000
5024,10746000
5025,10875000
5026,11000000
5027,10713000
5028,10860000
5029,10755000
5030,10755000
5031,10659000
5032,10659000
5033,10701000
5034,10796000
5035,10680000
5036,10327000
5037,10688000
5038,10692000
5039,10655000
5040,10651000
5041,10763000
5042,10688000
5043,10667000
5044,10659000
5045,10647000
5046,10776000
5047,10751000
5048,10751000
5049,10672000
5050,10574000
5051,10800000
5052,10763000
5053,10692000
5054,10672000
5055,10676000
5056,10639000
5057,10713000
5058,10622000
5059,10705000
5060,10659000
5061,10659000
5062,10701000
5063,10689000
5064,10679000
5065,10663000
5066,10655000
5067,10705000
5068,10626000
5069,10671000
5070,10684000
5071,10733000
5072,10663000
5073,10705000
5074,10561000
5075,10680000
5076,10671000
5077,10718000
5078,10659000
5079,10693000
5080,10763000
5081,10671000
5082,10676000
5083,10651000
5084,10643000
5085,10751000
5086,10680000
5087,10667000
5088,10655000
5089,10639000
5090,10693000
5091,10688000
5092,10672000
5093,10738000
5094,10643000
5095,10647000
5096,10688000
5097,10776000
5098,10663000
5099,10730000
5100,10705000
5101,10643000
5102,10684000
5103,10719000
5104,10679000
5105,10884000
5106,10847000
5107,10759000
5108,10767000
5109,10880000
5110,10780000
5111,10827000
5112,10912000
5113,10792000
5114,10848000
5115,10832000
5116,10904000
5117,10872000
5118,10732000
5119,10639000
5120,10859000
5121,10952000
5122,10861000
5123,10767000
5124,10763000
5125,10879000
5126,10737000
5127,10701000
5128,10767000
5129,10763000
5130,10813000
5131,10868000
5132,10717000
5133,10713000
5134,10687000
5135,10700000
5136,10874000
5137,10796000
5138,10848000
5139,10919000
5140,10896000
5141,10879000
5142,10874000
5143,10800000
5144,10836000
5145,10843000
5146,10883000
5147,10831000
5148,10862000
5149,10544000
5150,10730000
5151,10875000
5152,10947000
5153,10851000
5154,10939000
5155,10906000
5156,10700000
5157,10823000
5158,10896000
5159,10558000
5160,10883000
5161,10982000
5162,10800000
5163,10734000
5164,10951000
5165,10844000
5166,10788000
5167,10888000
5168,10896000
5169,10733000
5170,10862000
5171,10906000
5172,10819000
5173,10892000
5174,10735000
5175,10876000
5176,10775000
5177,10848000
5178,10750000
5179,10817000
5180,10870000
5181,10866000
5182,10763000
5183,10771000
5184,10879000
5185,10574000
5186,10813000
5187,10788000
5188,10836000
5189,10912000
5190,10746000
5191,10759000
5192,10892000
5193,10948000
5194,10727000
5195,10792000
5196,10859000
5197,10763000
5198,10821000
5199,10800000
5200,10816000
5201,10915000
5202,10900000
5203,10871000
5204,10952000
5205,10471000
5206,10813000
5207,10407000
5208,10819000
5209,10726000
5210,10785000
5211,10840000
5212,10759000
5213,10887000
5214,10874000
5215,10840000
5216,10827000
5217,10956000
5218,10924000
5219,10869000
5220,10767000
5221,10832000
5222,10745000
5223,10887000
5224,10923000
5225,10883000
5226,10832000
5227,10812000
5228,10813000
5229,10750000
5230,10867000
5231,10570000
5232,10696000
5233,10683000
5234,10821000
5235,10792000
5236,10788000
5237,10848000
5238,10848000
5239,10813000
5240,10747000
5241,10853000
5242,10796000
5243,10767000
5244,10771000
5245,10744000
5246,10900000
5247,10863000
5248,10775000
5249,10750000
5250,10763000
5251,10860000
5252,10725000
5253,10771000
5254,10836000
5255,10821000
5256,10738000
5257,10868000
5258,10855000
5259,10848000
5260,10754000
5261,10827000
5262,10870000
5263,10796000
5264,10775000
5265,10779000
5266,10750000
5267,10750000
5268,10788000
5269,10874000
5270,10836000
5271,10824000
5272,10883000
5273,10817000
5274,10717000
5275,10701000
5276,10840000
5277,10746000
5278,10883000
5279,10788000
5280,10852000
5281,10755000
5282,10688000
5283,10676000
5284,10817000
5285,10780000
5286,10860000
5287,10823000
5288,10831000
5289,10800000
5290,10871000
5291,11163000
5292,11202000
5293,11180000
5294,11192000
5295,11171000
5296,11187000
5297,11758000
5299,11003000
5300,10876000
5301,10763000
5302,10823000
5303,10751000
5304,10792000
5305,10788000
5306,10772000
5307,10701000
5308,10819000
5309,10818000
5310,10866000
5311,10792000
5312,10910000
5313,10840000
5314,10750000
5315,10750000
5316,10867000
5317,10800000
5318,10775000
5319,10844000
5320,10879000
5321,10738000
5322,10856000
5323,10904000
5324,10827000
5325,10883000
5326,10878000
5327,10855000
5328,10856000
5329,11027000
5330,10746000
5331,10871000
5332,10767000
5333,10767000
5334,10712000
5335,10659000
5336,10738000
5337,10855000
5338,10956000
5339,10863000
5340,10721000
5341,10836000
5342,10827000
5343,10742000
5344,10999000
5345,10856000
5346,11023000
5347,10871000
5348,10854000
5349,11001000
5350,10755000
5351,10952000
5352,10804000
5353,10935000
5354,10911000
5355,10783000
5356,10888000
5357,11033000
5358,10730000
5359,10993000
5360,10904000
5361,10836000
5362,10956000
5363,10944000
5364,10919000
5365,10906000
5366,10900000
5367,10817000
5368,11023000
5369,10923000
5370,10848000
5371,10832000
5372,10919000
5373,10940000
5374,10874000
5375,10994000
5376,10927000
5377,10900000
5378,10968000
5379,10796000
5380,10882000
5381,10902000
5382,10844000
5383,10822000
5384,10821000
5385,10935000
5386,10858000
5387,10914000
5388,10896000
5389,10959000
5390,10935000
5391,10859000
5392,10775000
5393,10908000
5394,10823000
5395,10900000
5396,10931000
5397,10896000
5398,10960000
5399,10883000
5400,10848000
5401,10840000
5402,10956000
5403,10927000
5404,10900000
5405,10832000
5406,10809000
5407,10866000
5408,10859000
5409,10840000
5410,11055000
5411,10959000
5412,10808000
5413,11062000
5414,10935000
5415,10906000
5416,10968000
5417,10804000
5418,10960000
5419,10914000
5420,10852000
5421,10892000
5422,10984000
5423,10776000
5424,10844000
5425,10892000
5426,10968000
5427,10684000
5428,10955000
5429,10796000
5430,11001000
5431,10763000
5432,10831000
5433,11007000
5434,10976000
5435,10844000
5436,11027000
5437,10968000
5438,10927000
5439,10923000
5440,10832000
5441,10906000
5442,10809000
5443,10943000
5444,10851000
5445,10939000
5446,10900000
5447,10831000
5448,10873000
5449,10939000
5450,10916000
5451,11096000
5452,10896000
5453,10892000
5454,10943000
5455,10780000
5456,10935000
5457,10779000
5458,10968000
5459,10867000
5460,10821000
5461,10907000
5462,10914000
5463,10820000
5464,10900000
5465,11006000
5466,10728000
5467,10701000
5468,10788000
5469,10835000
5470,10796000
5471,10713000
5472,10844000
5473,10704000
5474,10750000
5475,10817000
5476,10792000
5477,10865000
5478,10763000
5479,10705000
5480,10746000
5481,10809000
5482,10727000
5483,10800000
5484,10692000
5485,10763000
5486,10738000
5487,10813000
5488,10701000
5489,10779000
5490,10827000
5491,10668000
5492,10812000
5493,10784000
5494,10705000
5495,10684000
5496,10826000
5497,10804000
5498,10808000
5499,10775000
5500,10792000
5501,10751000
5502,10696000
5503,10796000
5504,10784000
5505,10767000
5506,10907000
5507,10796000
5508,10796000
5509,10780000
5510,11010000
5511,10824000
5512,10892000
5513,10734000
5514,10721000
5515,10713000
5516,10844000
5517,10839000
5518,10745000
5519,10904000
5520,10717000
5521,10644000
5522,10759000
5523,10759000
5524,10796000
5525,10741000
5526,10701000
5527,10848000
5528,10819000
5529,10763000
5530,10792000
5531,10721000
5532,10832000
5533,10713000
5534,10601000
5535,10804000
5536,10730000
5537,10713000
5538,10840000
5539,10823000
5540,10758000
5541,10800000
5542,10735000
5543,10767000
5544,10848000
5545,10671000
5546,10813000
5547,10792000
5548,10709000
5549,10435000
5550,10771000
5551,10580000
5552,10742000
5553,10844000
5554,10775000
5555,10831000
5556,10939000
5557,10874000
5558,10923000
5559,10918000
5560,10819000
5561,10888000
5562,10800000
5563,10883000
5564,10717000
5565,10779000
5566,10828000
5567,10828000
5568,10796000
5569,10792000
5570,10914000
5571,10841000
5572,10813000
5573,10746000
5574,10788000
5575,10768000
5576,10763000
5577,10888000
5578,10879000
5579,10792000
5580,10856000
5581,10759000
5582,10914000
5583,10884000
5584,10679000
