seq,rtt_h2m_ns
3,8979038
4,7495309
5,7540946
6,7779098
7,8765846
8,8873257
9,8665847
10,8575371
11,8628304
12,8605640
13,8611826
14,8597528
15,8606111
16,8624015
17,8606094
18,8597634
19,8601956
20,8595262
21,8558069
22,8607753
23,8620932
24,8608351
25,8568674
26,8581449
27,8605367
28,9137916
29,8611698
30,8602552
31,8574917
32,8602589
33,8619993
34,8587088
35,8594719
36,8636476
37,8578376
38,7571214
39,8659298
40,8658221
41,8676909
42,8657230
43,8630755
44,8638850
45,9218430
46,8602722
47,8694504
48,8650954
49,8637167
50,8657637
51,8644211
52,8619131
53,8561394
54,8685466
55,8650556
56,8698868
57,8678435
58,8658213
59,8674012
60,8671362
61,8683685
62,8693846
63,8643070
64,8666866
65,8656650
66,8685134
67,8671916
68,8642391
69,8716472
70,8723349
71,8729471
72,8654740
73,8699601
74,8664216
75,8647612
76,8702668
77,8678178
78,8644256
79,8690911
80,8692595
81,8684461
82,8653088
83,8663210
84,8657560
85,8671291
86,8640218
87,8681733
88,8665226
89,8666864
90,8666276
91,8604852
92,8525898
93,8476151
94,8545896
95,8649948
96,8674908
97,8665782
98,8677176
99,8673284
100,8681589
101,8663852
102,8633254
103,8687311
104,8672651
105,8681355
106,8721678
107,8675868
108,8701665
109,8699107
110,8706208
111,8673253
112,8674672
113,8653196
114,8651347
115,8686846
116,8700157
117,8670518
118,8636741
119,8674895
120,8677498
121,8649472
122,8673824
123,8677834
124,8647047
125,8659805
126,8694643
127,8698512
128,8675732
129,8692517
130,8676432
131,8687172
132,8676818
133,8673495
134,8652744
135,8653367
136,8672682
137,8687779
138,8716185
139,8730661
140,8741662
141,8702821
142,8753354
143,8745331
144,8729235
145,8664273
146,8546246
147,8523278
148,8613372
149,8593619
150,8633217
151,8716079
152,8647359
153,8795556
154,8652484
155,8695165
156,8628704
157,8610027
158,8658685
159,8578886
160,8588396
161,8642532
162,8717219
163,8869979
164,8917286
165,8902159
166,8685456
167,8575230
168,7609279
169,8615443
170,9024875
171,8856203
172,8756668
173,8720967
174,8921765
175,8881826
176,8936571
177,8731552
178,8808321
179,8809889
180,8898382
181,8775578
182,8905184
183,8921882
184,8869943
185,8946194
186,8909282
187,8915118
188,8960049
189,8878839
190,8913874
191,8840785
192,8890017
193,8879791
194,8660930
195,8455865
196,8481581
197,8540839
198,8700348
199,8593447
200,8597506
201,8605850
202,8658518
203,8739818
204,8815158
205,8868567
206,8901535
207,8822611
208,9053557
209,8996478
210,9145585
211,8890425
212,8924516
213,8909082
214,8900865
215,8939759
216,8932403
217,9023154
218,9084271
219,9221068
220,9037119
221,8888686
222,7888179
223,8862742
224,9057548
225,9066191
226,8792698
227,8733206
228,7617435
229,7594357
230,8798185
231,8748135
232,8829222
233,8915113
234,8913329
235,8966091
236,8947718
237,8974247
238,8972807
239,8969343
240,9138136
241,8959518
242,8960011
243,8987348
244,8937460
245,8989749
246,8969344
247,8956361
248,8977536
249,8967481
250,8932915
251,8999289
252,8777895
253,8678039
254,8790894
255,8711310
256,8876100
257,8980423
258,8960112
259,8960639
260,8961335
261,9015072
262,8630990
263,8737103
264,8695424
265,8696710
266,8652566
267,8688019
268,8674410
269,8643737
270,8676812
271,8645911
272,8689655
273,8681574
274,8673377
275,8635439
276,8692795
277,8672723
278,8881678
279,8761327
280,8640440
281,9002743
282,9016731
283,9134124
284,9014763
285,9014278
286,8717676
287,8644348
288,8693321
289,8657935
290,8665556
291,8875773
292,8898083
293,8901542
294,9017582
295,8914181
296,8884283
297,8893285
298,9186076
299,8948311
300,9260775
301,8628567
302,8694200
303,8673826
304,8853687
305,7566752
306,7568458
307,7597344
308,8535789
309,8636671
310,8601653
311,8767116
312,8864866
313,8975897
314,8899141
315,8916149
316,8544025
317,7554030
318,7594875
319,8657375
320,8696929
321,8778824
322,9120614
323,9008219
324,9017549
325,9075350
326,8999391
327,8994199
328,9040908
329,8999394
330,9003211
331,8995832
332,8989402
333,9002905
334,9008617
335,8638196
336,8790929
337,8727980
338,8741910
339,8783490
340,8764906
341,8780815
342,8742447
343,8766561
344,8834521
345,8750888
346,8807156
347,8707919
348,8732556
349,8756622
350,8687143
351,8651804
352,8662280
353,8738472
354,8812929
355,8809138
356,8841596
357,8731089
358,8736845
359,8767201
360,8807625
361,8791585
362,8784977
363,8816396
364,8761857
365,8705408
366,8745405
367,8784428
368,8791841
369,8731770
370,8777896
371,8766489
372,8671663
373,8640825
374,8678079
375,8673734
376,8687922
377,8707457
378,8644312
379,8669111
380,8756898
381,8789139
382,8812451
383,8746602
384,8785780
385,8767683
386,8762528
387,8752727
388,8774198
389,8726319
390,8747387
391,8756606
392,8756050
393,8815956
394,8749958
395,8800011
396,8691269
397,8669090
398,8689163
399,8629812
400,8655468
401,8714779
402,8690341
403,8811373
404,8800390
405,8815137
406,8812193
407,8714054
408,8759880
409,8732723
410,8725616
411,8726819
412,8753731
413,8801813
414,8806472
415,8804557
416,8812060
417,8728725
418,8727666
419,8757236
420,8752127
421,8733884
422,8742864
423,8740401
424,8759164
425,8825174
426,8724811
427,8736848
428,8744440
429,8788434
430,8759083
431,8724833
432,8762712
433,8748347
434,8812719
435,8674444
436,8639797
437,8665530
438,8700575
439,8654976
440,8674115
441,8669821
442,8679575
443,8674063
444,8681680
445,8561931
446,8586095
447,8540903
448,7506220
449,7595530
450,7712770
451,8672248
452,8613958
453,8731944
454,8681251
455,8642501
456,8692703
457,8676364
458,8652298
459,8675146
460,8658949
461,8681633
462,8669643
463,8663628
464,8674880
465,8646893
466,8707608
467,8537235
468,8665353
469,8620997
470,8643186
471,8682880
472,8689406
473,8638528
474,8676827
475,8678593
476,8659236
477,8646873
478,8646995
479,8541565
480,8667955
481,8658024
482,8638600
483,8695347
484,8663524
485,8667347
486,8642272
487,8631693
488,8658130
489,8683552
490,8668917
491,7680045
492,8645950
493,8667011
494,8643119
495,8672231
496,8696358
497,8649431
498,8642106
499,8681794
500,8680539
501,8698151
502,8640719
503,8677606
504,8679531
505,8673400
506,8643551
507,8644708
508,8678512
509,8663759
510,8679227
511,8744869
512,8790249
513,8744072
514,8796590
515,8743196
516,8724013
517,8746306
518,8754160
519,8659177
520,8651817
521,8614608
522,8646812
523,8614494
524,8734536
525,8665658
526,8671016
527,8650990
528,8743543
529,8637472
530,8641420
531,8667824
532,8664183
533,8670878
534,8668743
535,8667264
536,8652741
537,8756150
538,8674307
539,8659689
540,8669320
541,8671434
542,8662203
543,8651125
544,8736968
545,8764551
546,8801167
547,8761012
548,8775487
549,8746095
550,8756361
551,8747736
552,8766321
553,8765420
554,8742485
555,8734602
556,8735923
557,8721254
558,8752987
559,8758687
560,8756707
561,8770034
562,8764939
563,8741155
564,8723331
565,8744956
566,8743093
567,8784146
568,8790719
569,8745438
570,8727235
571,8768490
572,8748443
573,8743229
574,8770366
575,8743460
576,8748582
577,8731354
578,8744623
579,8698157
580,8672126
581,8755407
582,8680214
583,8671828
584,8769215
585,8773818
586,8848392
587,8673182
588,8655518
589,8660766
590,8646714
591,8561756
592,7567983
593,7652714
594,7628927
595,8731957
596,8725019
597,8726898
598,8664906
599,8623664
600,8735729
601,8726528
602,8713596
603,8656181
604,8650049
605,8671822
606,8665786
607,8756384
608,8782477
609,8733246
610,8752667
611,8731119
612,8737469
613,8812049
614,8738930
615,8745956
616,8733217
617,8763466
618,8718119
619,8671094
620,8642683
621,8763191
622,8759206
623,8766410
624,8739806
625,8795346
626,8730671
627,8739158
628,8754024
629,8783105
630,8766275
631,8727407
632,8770617
633,8768208
634,8760724
635,8735995
636,8772470
637,8756088
638,8756964
639,8725758
640,8777070
641,8811847
642,8823329
643,8814033
644,8774399
645,8756288
646,8818542
647,8694254
648,8688710
649,8666292
650,8679572
651,8652577
652,8687529
653,8715135
654,8668552
655,8701380
656,8676589
657,8696490
658,8641913
659,8667429
660,8668577
661,8644712
662,8650788
663,8758237
664,8671020
665,8752571
666,8655889
667,8734498
668,8707513
669,8734356
670,8754347
671,8766895
672,8770363
673,8760350
674,8758013
675,8734293
676,8741808
677,8744413
678,8745139
679,8645984
680,8699427
681,8664462
682,8726515
683,8752093
684,8776955
685,8730036
686,8755732
687,8730054
688,8743882
689,8745514
690,8731424
691,8655271
692,8676801
693,8662947
694,8830127
695,8664264
696,8640330
697,8638886
698,8688349
699,8750987
700,8781452
701,8741698
702,8710461
703,8675365
704,8645003
705,8685529
706,8693838
707,8408968
708,8630496
709,8675139
710,8698226
711,8666902
712,8666924
713,8664375
714,8659291
715,8739264
716,8720296
717,8692961
718,8649229
719,8658312
720,8767484
721,8745836
722,8754149
723,8744371
724,8661112
725,8653679
726,8695815
727,8668371
728,8640086
729,8659316
730,8796319
731,8788925
732,8755396
733,8798175
734,8787394
735,8756000
736,8711999
737,8771208
738,8714623
739,8660766
740,8650742
741,8642135
742,8663659
743,8665599
744,8754588
745,8665781
746,8630835
747,8616264
748,7626454
749,8703097
750,8671651
751,8673232
752,8646579
753,8742529
754,8762531
755,8744183
756,8750175
757,8740530
758,8707583
759,8675763
760,8736315
761,8639928
762,8674133
763,8733981
764,8683509
765,8733832
766,8645806
767,8661973
768,8644800
769,8687499
770,8686464
771,8685556
772,8653189
773,8689044
774,8684625
775,8645391
776,8636169
777,8664609
778,8676046
779,8646004
780,8789762
781,8766678
782,8796838
783,8755270
784,8755373
785,8759010
786,8749396
787,8760970
788,8756866
789,8803669
790,8777637
791,8747835
792,8761053
793,8768295
794,8735212
795,8752096
796,8767893
797,8765026
798,8754070
799,8660887
800,8683236
801,8652989
802,8742070
803,8772042
804,8756919
805,8747719
806,8751296
807,8756636
808,8754098
809,8762606
810,8730667
811,8798088
812,8755744
813,8732672
814,8768715
815,8761299
816,8709332
817,8760844
818,8693930
819,8669515
820,8760694
821,8719434
822,8745537
823,8774209
824,8770133
825,8729709
826,8708157
827,8765647
828,8689099
829,8658847
830,8675838
831,8669449
832,7698626
833,8682173
834,8667199
835,8734539
836,8668042
837,8661974
838,8673514
839,8675341
840,8707626
841,8710876
842,8765740
843,8756009
844,8757041
845,8773690
846,8758525
847,8805015
848,8763783
849,8728572
850,8768657
851,8754597
852,8682606
853,8698890
854,7683004
855,8679148
856,8647724
857,8699315
858,8669469
859,8657788
860,8643007
861,8803024
862,8757607
863,8739356
864,8809435
865,8789186
866,8740891
867,8733898
868,8752401
869,8744439
870,8740948
871,8749211
872,8727710
873,8772519
874,8788716
875,8819373
876,8668128
877,8721311
878,8744065
879,8745441
880,8675978
881,8640436
882,8758302
883,8770356
884,8787508
885,8772137
886,8788728
887,8730403
888,8650469
889,8654763
890,8697824
891,8664757
892,8656106
893,8640753
894,8637694
895,8621679
896,8628621
897,8754516
898,8675797
899,8729664
900,8645815
901,8632641
902,8665379
903,8667128
904,8667210
905,8650243
906,8658048
907,8726943
908,8655729
909,8718646
910,8650147
911,8642123
912,8658086
913,8660769
914,8654458
915,8637527
916,8666187
917,8658892
918,8619488
919,8663061
920,8632489
921,8702496
922,8747170
923,8729030
924,8838290
925,8805754
926,8711872
927,8725859
928,8702662
929,8732116
930,8728640
931,8725020
932,8691034
933,8859447
934,8772827
935,8712587
936,8794035
937,8822035
938,8855444
939,8793691
940,8740722
941,8795620
942,8730835
943,8755384
944,8710935
945,8726498
946,8728264
947,8881970
948,8757369
949,8776473
950,8750731
951,8700861
952,8766356
953,8754489
954,8718983
955,8742987
956,8728554
957,8737863
958,8694708
959,8777315
960,8740626
961,8741102
962,8758981
963,8723641
964,8746240
965,8687554
966,8742685
967,8728407
968,8714725
969,8700091
970,8708374
971,8709166
972,8712939
973,8636161
974,8643839
975,8658850
976,8651436
977,8737357
978,8661956
979,8632004
980,8631708
981,8649890
982,8720658
983,8742661
984,8688603
985,8631171
986,8647459
987,8764448
988,8715251
989,8719550
990,8657458
991,8681473
992,8611718
993,8695918
994,8802726
995,8798797
996,8803054
997,8675942
998,8892428
999,8655782
1000,8709299
1001,8667063
1002,8641346
1003,8718613
1004,8740044
1005,8857046
1006,8745524
1007,9069220
1008,8805586
1009,8790116
1010,8769664
1011,8738744
1012,8767318
1013,8814790
1014,8836191
1015,8808053
1016,8815986
1017,8679590
1018,8742297
1019,8753285
1020,8785470
1021,8808317
1022,8850070
1023,8789903
1024,8768358
1025,8799939
1026,8791694
1027,8801642
1028,8802261
1029,8749337
1030,8790098
1031,8820278
1032,8802824
1033,8819778
1034,8794287
1035,8796347
1036,8781843
1037,8796441
1038,8808568
1039,8784159
1040,8786498
1041,8737283
1042,8752748
1043,8802593
1044,8787368
1045,8689728
1046,8672303
1047,8656105
1048,8607675
1049,8652191
1050,8796775
1051,8749886
1052,9734797
1053,8753722
1054,8818207
1055,8801549
1056,8806976
1057,8844329
1058,8808433
1059,8744596
1060,8780528
1061,8812759
1062,8745734
1063,8796505
1064,8762597
1065,8765520
1066,8786301
1067,8809728
1068,8795940
1069,8826151
1070,8768079
1071,8791642
1072,8825947
1073,8786094
1074,8727672
1075,8809953
1076,8684847
1077,8789390
1078,8766841
1079,8768491
1080,8757104
1081,8755455
1082,8742628
1083,8749231
1084,8743279
1085,8868165
1086,8828497
1087,8767301
1088,8776739
1089,8753043
1090,8777530
1091,8754815
1092,8761462
1093,8781714
1094,8768941
1095,8722532
1096,8806105
1097,8803682
1098,8799853
1099,8816928
1100,8799161
1101,8790883
1102,8707172
1103,8679453
1104,8782369
1105,8755277
1106,8780312
1107,8755252
1108,8751115
1109,8803555
1110,8796479
1111,8785968
1112,8837668
1113,8769253
1114,8785185
1115,8782331
1116,8780893
1117,8791928
1118,8750748
1119,8739404
1120,8756260
1121,8783698
1122,9728954
1123,8718657
1124,8791697
1125,8810796
1126,9666269
1127,8700048
1128,8650391
1129,8682360
1130,8674565
1131,8658694
1132,8657527
1133,8662461
1134,8772470
1135,8822661
1136,8761586
1137,8760132
1138,8729482
1139,8790661
1140,8750799
1141,8769878
1142,8806474
1143,8766214
1144,8763013
1145,8812399
1146,8804027
1147,8807473
1148,8759862
1149,8796538
1150,8742729
1151,8796731
1152,9759351
1153,9698695
1154,8571015
1155,8752334
1156,8778278
1157,8807716
1158,8747594
1159,8790205
1160,8714506
1161,8807592
1162,8801856
1163,8817363
1164,8780225
1165,8804961
1166,8799592
1167,8762508
1168,8785233
1169,8798171
1170,8814943
1171,8775672
1172,8786572
1173,8792351
1174,8809286
1175,8768563
1176,8798918
1177,8755350
1178,8756335
1179,8766081
1180,8765505
1181,8746575
1182,8734338
1183,8690764
1184,8699145
1185,8700260
1186,8672323
1187,8702682
1188,8692844
1189,8692961
1190,8673188
1191,8685889
1192,8686163
1193,8688705
1194,8847585
1195,8734648
1196,8630023
1197,8564451
1198,8678467
1199,8673494
1200,8699020
1201,8684006
1202,8697680
1203,8722127
1204,8661190
1205,8672823
1206,8642247
1207,8681640
1208,8667873
1209,8733765
1210,8711144
1211,8658285
1212,8689355
1213,9662611
1214,8716216
1215,8656230
1216,8668487
1217,8692565
1218,8662475
1219,8673984
1220,8684434
1221,8671762
1222,8707415
1223,9715012
1224,8657652
1225,8691338
1226,8670204
1227,9756138
1228,8617300
1229,8668680
1230,8698007
1231,8688258
1232,8687232
1233,8680472
1234,8677208
1235,8683375
1236,8705129
1237,8686953
1238,8651682
1239,9634994
1240,8707110
1241,8666792
1242,8664144
1243,8694524
1244,8710725
1245,8695486
1246,8676883
1247,8675212
1248,8658568
1249,8642925
1250,8643106
1251,8653170
1252,8646186
1253,8718127
1254,8664086
1255,8660306
1256,8650955
1257,8686308
1258,8642394
1259,8666469
1260,8676847
1261,8678786
1262,8687150
1263,8672487
1264,8679084
1265,8676385
1266,8696026
1267,8695739
1268,8691936
1269,8685524
1270,8678434
1271,8647014
1272,8654910
1273,8648810
1274,8685374
1275,8682245
1276,8689588
1277,8660203
1278,8832449
1279,8803642
1280,8825425
1281,8791462
1282,8746834
1283,8765178
1284,8740786
1285,8818012
1286,8755625
1287,8761378
1288,8784775
1289,8759695
1290,8800568
1291,8766566
1292,8756583
1293,8748634
1294,8801772
1295,8796424
1296,8764862
1297,8796459
1298,8753351
1299,8806247
1300,8819293
1301,8753687
1302,8827523
1303,8770941
1304,8800128
1305,8800104
1306,8732099
1307,8766600
1308,8832837
1309,8791716
1310,8829904
1311,8790655
1312,8815852
1313,8790497
1314,8812555
1315,8780474
1316,8807001
1317,8837121
1318,8788015
1319,8798499
1320,8690145
1321,8760687
1322,8806004
1323,8783755
1324,8816369
1325,8789780
1326,8754341
1327,9751937
1328,8670087
1329,8784864
1330,8800942
1331,8783308
1332,8754779
1333,8754293
1334,8750883
1335,8811289
1336,8734261
1337,8817344
1338,8763225
1339,8783750
1340,8799909
1341,8756776
1342,8752832
1343,8798790
1344,8746774
1345,8738596
1346,8607798
1347,8523216
1348,8552194
1349,8666634
1350,8683962
1351,8682846
1352,8677045
1353,8665051
1354,8679810
1355,8672553
1356,8826796
1357,8758633
1358,8747266
1359,8764425
1360,8753799
1361,8755869
1362,9766883
1363,8693397
1364,8753757
1365,8782413
1366,8725184
1367,8734639
1368,8741757
1369,8726555
1370,8752973
1371,8755214
1372,8747978
1373,9765112
1374,8687497
1375,8744763
1376,8813273
1377,8754015
1378,8755271
1379,8794983
1380,8730869
1381,8750326
1382,8775574
1383,8817293
1384,8807362
1385,8730608
1386,8758233
1387,8753099
1388,8709659
1389,8680912
1390,8712028
1391,8708845
1392,8681607
1393,8688531
1394,8722128
1395,8672093
1396,9677440
1397,8686367
1398,8668977
1399,8689018
1400,8664851
1401,8706727
1402,8775815
1403,8826892
1404,8752178
1405,8758069
1406,8813276
1407,8799506
1408,9802471
1409,9652740
1410,8762160
1411,8770129
1412,8744886
1413,9798155
1414,8674266
1415,8773487
1416,8758216
1417,8793245
1418,8795796
1419,8789344
1420,8733044
1421,8793078
1422,8801074
1423,8782922
1424,8790615
1425,8793772
1426,8750375
1427,8791612
1428,8801141
1429,8811801
1430,8787471
1431,8820277
1432,8860310
1433,8816738
1434,8872602
1435,8878273
1436,8843469
1437,8832961
1438,8835684
1439,8698971
1440,8737195
1441,8673158
1442,8644625
1443,8680070
1444,8643552
1445,8722193
1446,8665150
1447,8660665
1448,8647517
1449,8661940
1450,8634099
1451,8632909
1452,8636577
1453,8684159
1454,8551109
1455,8532598
1456,8625919
1457,8658963
1458,8676104
1459,8663945
1460,8712736
1461,8752095
1462,8683351
1463,8657733
1464,8681867
1465,8677470
1466,8677418
1467,8686492
1468,8675605
1469,8772053
1470,9679299
1471,8676427
1472,8672547
1473,8681211
1474,8672440
1475,8736110
1476,8758144
1477,8767155
1478,8752059
1479,8755442
1480,9757918
1481,8673493
1482,8747301
1483,8761066
1484,8780211
1485,8766185
1486,8761609
1487,8758793
1488,8767211
1489,8754128
1490,8794004
1491,8767636
1492,8746501
1493,8745555
1494,8768417
1495,8724070
1496,8713802
1497,8724331
1498,8719184
1499,8726155
1500,8757271
1501,8776635
1502,8779302
1503,8771380
1504,8780188
1505,8730555
1506,8730621
1507,8749752
1508,8753853
1509,8696117
1510,8671232
1511,8687266
1512,8691011
1513,8691661
1514,8689869
1515,8680153
1516,8668257
1517,9688025
1518,8687041
1519,8693459
1520,8693052
1521,8692786
1522,8702690
1523,8674952
1524,8660291
1525,8704007
1526,8687375
1527,8703297
1528,8716167
1529,8661584
1530,8701345
1531,8672004
1532,8686775
1533,8684364
1534,8687780
1535,8716570
1536,8716401
1537,8675709
1538,8684619
1539,8692225
1540,8707141
1541,8733279
1542,8688235
1543,8691819
1544,8685001
1545,8675331
1546,8670085
1547,8715754
1548,8693889
1549,8687120
1550,8680915
1551,8687608
1552,8687791
1553,8698197
1554,8693797
1555,8682020
1556,8678859
1557,8694095
1558,8714390
1559,8696080
1560,8692790
1561,8684842
1562,8697835
1563,8678567
1564,8658921
1565,8702063
1566,8685190
1567,8673103
1568,8679684
1569,8699398
1570,8690415
1571,8695524
1572,8688319
1573,8689687
1574,8701667
1575,8676787
1576,8650449
1577,8680600
1578,8691337
1579,8696566
1580,8693020
1581,8691128
1582,8664871
1583,8705721
1584,8701488
1585,8686114
1586,8686900
1587,8686132
1588,8677272
1589,8671441
1590,8686245
1591,8711650
1592,8809451
1593,8806148
1594,8764360
1595,8744917
1596,8722281
1597,8687286
1598,8651885
1599,8669183
1600,8715618
1601,8678686
1602,8688006
1603,8702501
1604,8678138
1605,9653139
1606,8698194
1607,8674665
1608,8691521
1609,8676599
1610,8676567
1611,8672106
1612,8663472
1613,8662090
1614,8677472
1615,8688131
1616,8665229
1617,8675766
1618,8678070
1619,8673071
1620,8665834
1621,8661942
1622,8679586
1623,8673165
1624,8686294
1625,8681704
1626,8685538
1627,8696606
1628,8677428
1629,8677394
1630,8690096
1631,8662754
1632,8676521
1633,8696590
1634,8700653
1635,8673272
1636,8682259
1637,8685964
1638,8686686
1639,8676460
1640,8682838
1641,8669824
1642,8683506
1643,8682062
1644,8693537
1645,8545183
1646,8544421
1647,8470624
1648,8484108
1649,8563920
1650,8689380
1651,8681776
1652,8677478
1653,8685337
1654,8690240
1655,9687015
1656,8654198
1657,8657795
1658,8654341
1659,8678051
1660,8678524
1661,8683772
1662,8663497
1663,8647170
1664,9670047
1665,9711557
1666,8677297
1667,8671547
1668,8667825
1669,8684829
1670,8686467
1671,8678065
1672,8679479
1673,8683928
1674,8676892
1675,8652576
1676,8683554
1677,8687365
1678,8679977
1679,8672588
1680,8680019
1681,8677833
1682,8696809
1683,8684060
1684,8677803
1685,8685545
1686,8670276
1687,8682588
1688,8763534
1689,8652690
1690,8652584
1691,8670269
1692,8762287
1693,8747202
1694,8818213
1695,8754085
1696,8820897
1697,8736309
1698,8738709
1699,8732517
1700,8805702
1701,8674559
1702,8691851
1703,8686756
1704,8690257
1705,8669557
1706,8795116
1707,8787893
1708,8709475
1709,8784162
1710,8765898
1711,8788736
1712,8808045
1713,8732509
1714,8743094
1715,8765824
1716,8746075
1717,8763266
1718,8756189
1719,8732705
1720,8736171
1721,9773470
1722,8599797
1723,8686910
1724,8689020
1725,8691233
1726,8738329
1727,8770813
1728,8766481
1729,8775054
1730,8748018
1731,8755863
1732,8769173
1733,8771048
1734,9747465
1735,8638925
1736,8671952
1737,9666129
1738,8713271
1739,8671297
1740,8701143
1741,8751651
1742,8732205
1743,8680188
1744,8671456
1745,8680373
1746,8701452
1747,8701459
1748,8690084
1749,8768270
1750,8797314
1751,9716850
1752,8666328
1753,8675652
1754,8679142
1755,8683043
1756,8744123
1757,8751937
1758,8735951
1759,8759615
1760,8765942
1761,8761231
1762,8768685
1763,8793851
1764,8763377
1765,8766682
1766,8709277
1767,9932611
1768,9568271
1769,9599040
1770,9610337
1771,9582311
1772,9610208
1773,9620563
1774,9592610
1775,9652659
1776,9532039
1777,9612866
1778,9620365
1779,9631007
1780,9610436
1781,9560933
1782,9642795
1783,9601766
1784,9638236
1785,9595883
1786,9613747
1787,9588175
1788,9644395
1789,9633836
1790,9565652
1791,9553026
1792,9513055
1793,8636994
1794,8658049
1795,8693789
1796,8659460
1797,8721683
1798,8683106
1799,8675691
1800,8676913
1801,8675122
1802,8672817
1803,8670226
1804,8670653
1805,8677414
1806,8684934
1807,8654348
1808,8672032
1809,8650622
1810,8663265
1811,8665795
1812,8681157
1813,8654801
1814,9667345
1815,8727384
1816,8664562
1817,8675608
1818,8673239
1819,8670026
1820,8682110
1821,8643933
1822,8639653
1823,8632524
1824,8660092
1825,8663208
1826,8653249
1827,8661962
1828,8679083
1829,8699550
1830,8684689
1831,8694158
1832,8658064
1833,8684613
1834,8659127
1835,8690022
1836,8658302
1837,8683602
1838,8668966
1839,8649912
1840,8660958
1841,8650784
1842,8705675
1843,8644893
1844,8660701
1845,8637861
1846,8636565
1847,8663321
1848,8660005
1849,8670785
1850,8632902
1851,8653928
1852,8669051
1853,8667975
1854,8690335
1855,8666007
1856,8691861
1857,8658483
1858,8646284
1859,8654784
1860,8661196
1861,8665992
1862,8692624
1863,8662060
1864,8670167
1865,8653011
1866,8633883
1867,8645692
1868,8658748
1869,8666365
1870,8669247
1871,8675063
1872,8658222
1873,8653307
1874,8697487
1875,8686010
1876,8681257
1877,8692435
1878,8685240
1879,8657531
1880,8712474
1881,8646852
1882,8656540
1883,8641675
1884,8657005
1885,8651753
1886,8654504
1887,8666525
1888,8654437
1889,8670620
1890,8670978
1891,8656952
1892,8684548
1893,8671120
1894,8659206
1895,8654829
1896,8626454
1897,8682126
1898,8664840
1899,8669745
1900,8682266
1901,8709125
1902,8675503
1903,8777177
1904,8675771
1905,8687259
1906,8643510
1907,8955853
1908,8886145
1909,8912714
1910,8914164
1911,8913841
1912,8902287
1913,8926795
1914,8911665
1915,8936952
1916,8912931
1917,8896235
1918,8898162
1919,8919975
1920,9902807
1921,9648480
1922,9591017
1923,9610717
1924,9618002
1925,9606014
1926,9604480
1927,9658286
1928,9555358
1929,9639792
1930,9614360
1931,9588136
1932,9616453
1933,9621165
1934,9649847
1935,9608018
1936,9568982
1937,9621308
1938,9620063
1939,9606098
1940,9614636
1941,9613022
1942,9617557
1943,9573699
1944,9614810
1945,9611771
1946,9478655
1947,8565942
1948,8744311
1949,8917082
1950,8912659
1951,8915441
1952,8923508
1953,8907416
1954,8881744
1955,8815745
1956,8818445
1957,8898116
1958,8861406
1959,8824373
1960,8938934
1961,8899328
1962,9941151
1963,9605886
1964,9572494
1965,9667202
1966,9581844
1967,9626586
1968,9593344
1969,9605081
1970,9611636
1971,9623598
1972,9604050
1973,9614325
1974,9598579
1975,9603248
1976,9627464
1977,9564495
1978,9610183
1979,9660756
1980,9601963
1981,9642757
1982,9597448
1983,9568763
1984,9513711
1985,8583454
1986,8713132
1987,8717602
1988,8675917
1989,8681594
1990,9601638
1991,8654025
1992,8890276
1993,9884958
1994,9616080
1995,9623437
1996,9623156
1997,9586284
1998,9631475
1999,9618576
2000,9596350
2001,9613451
2002,9625083
2003,9487110
2004,9574030
2005,9628415
2006,9591849
2007,9636506
2008,9584520
2009,9680797
2010,9569240
2011,9594449
2012,9616325
2013,9581286
2014,9633209
2015,9602881
2016,9620343
2017,9587573
2018,9640650
2019,9591120
2020,9629943
2021,9602729
2022,9589301
2023,9662471
2024,9555747
2025,9627344
2026,9619543
2027,9612484
2028,9606115
2029,9606791
2030,9606448
2031,9633002
2032,9580916
2033,9610295
2034,9654458
2035,9575441
2036,9664833
2037,9605871
2038,9642741
2039,9577705
2040,9630641
2041,9616913
2042,9585849
2043,9604855
2044,9617616
2045,9581853
2046,9654378
2047,9600905
2048,9607235
2049,9564085
2050,9691537
2051,9566202
2052,9603338
2053,9600276
2054,9508196
2055,9568202
2056,8760087
2057,8904795
2058,9055520
2059,8891805
2060,8931389
2061,8923699
2062,8906306
2063,8931343
2064,8909788
2065,8907956
2066,9030034
2067,8686226
2068,8848938
2069,8913764
2070,8912314
2071,8914491
2072,8910187
2073,8898445
2074,8905992
2075,8912013
2076,8879431
2077,8868480
2078,8846143
2079,8922454
2080,8927853
2081,8899619
2082,8913852
2083,8850858
2084,8676071
2085,8665391
2086,8672148
2087,8663947
2088,8695618
2089,8686835
2090,8675703
2091,8681986
2092,8694767
2093,8689789
2094,8695186
2095,8686670
2096,8664829
2097,8678870
2098,8685298
2099,8657076
2100,8683850
2101,8682408
2102,8682923
2103,8666779
2104,8666793
2105,8694593
2106,8680586
2107,8698537
2108,8691499
2109,8679356
2110,8687396
2111,8693652
2112,8651634
2113,8678738
2114,8676600
2115,8684581
2116,8659695
2117,8701144
2118,8650454
2119,8680920
2120,8677985
2121,8674484
2122,8672061
2123,8677942
2124,8696626
2125,8679248
2126,8679871
2127,8677505
2128,8675074
2129,8673997
2130,8688411
2131,8677948
2132,8683486
2133,8681979
2134,8660685
2135,8680414
2136,8684292
2137,8688101
2138,8698305
2139,8648298
2140,8677400
2141,8646982
2142,8652066
2143,8650482
2144,8672475
2145,8697330
2146,8684401
2147,8683498
2148,8678986
2149,8704537
2150,8705900
2151,8668527
2152,8680638
2153,8690616
2154,8664966
2155,8685876
2156,8677186
2157,8677225
2158,8680754
2159,8647947
2160,8701471
2161,8650211
2162,8680390
2163,8649399
2164,8647528
2165,8662837
2166,8686407
2167,8677204
2168,8684556
2169,8669098
2170,8701878
2171,8659834
2172,8689397
2173,8690377
2174,8689108
2175,8680677
2176,9685867
2177,9693956
2178,8685891
2179,8678535
2180,8655915
2181,8712435
2182,8649921
2183,8680905
2184,8689817
2185,8682920
2186,8652841
2187,8658418
2188,8699494
2189,8685090
2190,8680901
2191,8675468
2192,8686260
2193,8695657
2194,8693321
2195,8701146
2196,8679530
2197,8697280
2198,8651737
2199,8635322
2200,8783305
2201,8703220
2202,8684452
2203,8681222
2204,8674064
2205,8663908
2206,8685429
2207,8718002
2208,8664939
2209,8690760
2210,8672617
2211,8686705
2212,8678590
2213,8682492
2214,8700021
2215,8705413
2216,8666554
2217,8673854
2218,8694021
2219,8679953
2220,8662411
2221,8692628
2222,8673346
2223,8685814
2224,8682024
2225,8677015
2226,8651161
2227,8654703
2228,8658965
2229,8664249
2230,8671374
2231,8688143
2232,8652514
2233,8638086
2234,8659460
2235,8702703
2236,8655847
2237,8685712
2238,8669981
2239,8687288
2240,8681942
2241,8696040
2242,8685474
2243,8694284
2244,8683707
2245,8634209
2246,8594212
2247,8538233
2248,8557638
2249,8691344
2250,8681579
2251,8680176
2252,8693220
2253,8660726
2254,8591520
2255,8532853
2256,8682694
2257,8659174
2258,8662228
2259,8650512
2260,8663425
2261,8688561
2262,8678923
2263,8677961
2264,8745860
2265,8702391
2266,8688948
2267,8718495
2268,8715236
2269,8657120
2270,8712681
2271,8682927
2272,8685256
2273,8673280
2274,8671154
2275,8658130
2276,8660192
2277,8654360
2278,8680570
2279,8679191
2280,8662517
2281,8702683
2282,8695626
2283,8697013
2284,9651678
2285,8716321
2286,8684631
2287,8664763
2288,8653000
2289,8669746
2290,8661403
2291,8668886
2292,8663218
2293,8680170
2294,8672105
2295,8646755
2296,8629817
2297,8692961
2298,8656059
2299,8654234
2300,8699127
2301,8691141
2302,8660751
2303,8702183
2304,8675279
2305,8683233
2306,8676943
2307,8685033
2308,8671565
2309,9678234
2310,8700878
2311,8674148
2312,9692107
2313,8680416
2314,8679194
2315,8683206
2316,8658773
2317,8690928
2318,8653339
2319,8666944
2320,8663886
2321,8675675
2322,8703887
2323,8741542
2324,8711539
2325,8697533
2326,8722086
2327,8672145
2328,8706504
2329,8702658
2330,8648094
2331,8695927
2332,8684642
2333,8684989
2334,8671984
2335,8679338
2336,8689380
2337,9683284
2338,8694604
2339,8685174
2340,8681309
2341,8680418
2342,8691379
2343,8684809
2344,8684551
2345,8681873
2346,9680218
2347,8712310
2348,8713470
2349,8675190
2350,8680598
2351,8676774
2352,8673687
2353,8691984
2354,8687498
2355,8682440
2356,8705431
2357,8723668
2358,8698390
2359,8687290
2360,8671719
2361,8694839
2362,8686266
2363,8688932
2364,8676619
2365,8695106
2366,8681878
2367,8710097
2368,8684910
2369,8703518
2370,8691424
2371,8679608
2372,8666418
2373,8677300
2374,8641445
2375,8664521
2376,8646254
2377,8666077
2378,8691372
2379,8654062
2380,8653372
2381,8697614
2382,8657483
2383,8648840
2384,8713620
2385,8685727
2386,8667484
2387,8698463
2388,8686202
2389,8689081
2390,8690135
2391,8656251
2392,8684848
2393,8674855
2394,8692906
2395,8690905
2396,8694581
2397,8672705
2398,8692921
2399,8662090
2400,8707744
2401,8653709
2402,8702997
2403,8703607
2404,8685690
2405,8682651
2406,8668579
2407,8667454
2408,8656361
2409,8676000
2410,8686037
2411,8685206
2412,8683811
2413,8685180
2414,8711345
2415,8677212
2416,8678616
2417,8680064
2418,8670528
2419,8691763
2420,8661181
2421,8658449
2422,8699633
2423,8695535
2424,8776561
2425,8750756
2426,8704053
2427,8750407
2428,8732944
2429,8742425
2430,8716383
2431,8771192
2432,9719529
2433,9716300
2434,8672844
2435,8759185
2436,8744279
2437,8760013
2438,8689010
2439,8681709
2440,8807648
2441,9813666
2442,8703592
2443,8820533
2444,8768853
2445,8794356
2446,8814744
2447,8806224
2448,8805415
2449,8788669
2450,8803716
2451,8819853
2452,8807938
2453,8782884
2454,8746107
2455,8659497
2456,8621505
2457,8631797
2458,8643899
2459,8678294
2460,9628579
2461,8728993
2462,8808963
2463,8735978
2464,8783929
2465,8785664
2466,8739474
2467,8740562
2468,8761276
2469,8663502
2470,8686855
2471,8680351
2472,8641237
2473,8651759
2474,8682463
2475,8788719
2476,8791150
2477,8682155
2478,8691746
2479,8662966
2480,8633432
2481,8684934
2482,8672697
2483,8748300
2484,8786314
2485,8764866
2486,8789027
2487,8747876
2488,8750370
2489,8805704
2490,8780270
2491,8778469
2492,8805241
2493,8804507
2494,8833198
2495,8787813
2496,8774930
2497,8795315
2498,8756232
2499,8844745
2500,8815535
2501,8735880
2502,8691749
2503,8799778
2504,8693981
2505,8663522
2506,8627439
2507,8671049
2508,8677377
2509,8661634
2510,8661555
2511,8653228
2512,8657934
2513,8694022
2514,8699933
2515,8763994
2516,8765484
2517,8797455
2518,8800356
2519,8781632
2520,8777096
2521,8768667
2522,8799196
2523,8804569
2524,8782448
2525,8822760
2526,8799378
2527,8813392
2528,8832344
2529,8829938
2530,8818682
2531,8800699
2532,8782708
2533,8787228
2534,8756212
2535,8760881
2536,8811215
2537,8792061
2538,8734725
2539,8781752
2540,8786966
2541,8748777
2542,8778079
2543,8806363
2544,8768249
2545,8806507
2546,8663266
2547,8667978
2548,8653108
2549,8810514
2550,8798212
2551,8808636
2552,8823340
2553,8758713
2554,8759341
2555,8801868
2556,8769605
2557,9757850
2558,8715460
2559,9772543
2560,8667199
2561,8742636
2562,8741965
2563,8746273
2564,8790162
2565,8790255
2566,8759677
2567,8814481
2568,8801081
2569,8753833
2570,8759429
2571,8763615
2572,8733237
2573,8798882
2574,8794701
2575,8769862
2576,8754172
2577,8729376
2578,8726038
2579,8760112
2580,8762070
2581,8783913
2582,8808381
2583,8801436
2584,8849315
2585,8785510
2586,8810607
2587,8786773
2588,8790104
2589,8792618
2590,8793658
2591,8671524
2592,8739674
2593,8789739
2594,8777657
2595,8762501
2596,8784297
2597,8733328
2598,8809277
2599,8802422
2600,8765647
2601,8812946
2602,8712850
2603,8694433
2604,8683642
2605,8814252
2606,8801601
2607,8787036
2608,8814935
2609,8756892
2610,8793788
2611,8758571
2612,8739344
2613,8768538
2614,8791483
2615,8817409
2616,8893007
2617,8826008
2618,8946138
2619,8794610
2620,8747359
2621,8766358
2622,8804356
2623,8822157
2624,8835763
2625,8788509
2626,8790427
2627,9779079
2628,8737691
2629,8804887
2630,8764321
2631,8789664
2632,8762596
2633,8789605
2634,8821234
2635,8791214
2636,8794512
2637,8801125
2638,8808444
2639,8800233
2640,8814759
2641,8808174
2642,8800527
2643,8794772
2644,8794849
2645,8843610
2646,8793640
2647,8794142
2648,8829044
2649,8807257
2650,8796143
2651,8736441
2652,8783962
2653,8792213
2654,8778577
2655,8611751
2656,8579766
2657,8675088
2658,8796583
2659,8800018
2660,8805232
2661,8799562
2662,8760130
2663,8795912
2664,8765561
2665,8782238
2666,8730974
2667,8804124
2668,8731798
2669,8725661
2670,8799683
2671,8796643
2672,8745232
2673,8811770
2674,8807506
2675,8790561
2676,8769064
2677,8752610
2678,8789514
2679,8791919
2680,8734216
2681,8800370
2682,8798950
2683,8784038
2684,8757569
2685,8813266
2686,8813807
2687,8807890
2688,9752125
2689,9728803
2690,8717666
2691,8750451
2692,8791238
2693,8755553
2694,8816900
2695,8755378
2696,8904801
2697,8854419
2698,8897238
2699,8810927
2700,8879902
2701,8816795
2702,8761763
2703,8802965
2704,8783245
2705,8833810
2706,8789924
2707,8820100
2708,8810836
2709,8790388
2710,8794297
2711,8756285
2712,8802307
2713,8806590
2714,8815148
2715,8759829
2716,8780615
2717,8795380
2718,8798531
2719,8751933
2720,8766944
2721,8749935
2722,8789176
2723,8738544
2724,8769955
2725,8797846
2726,8810303
2727,8814989
2728,8771653
2729,8793645
2730,8796864
2731,8808224
2732,8768231
2733,8757671
2734,8757229
2735,8779847
2736,8789735
2737,8786859
2738,8761868
2739,8742813
2740,8787549
2741,8834210
2742,8769403
2743,8815720
2744,8802526
2745,8766410
2746,8842165
2747,8766829
2748,8750287
2749,8802552
2750,8791950
2751,8782212
2752,8811982
2753,8802326
2754,8792620
2755,8808586
2756,9805737
2757,8676256
2758,8761365
2759,8795500
2760,8767656
2761,8783843
2762,8782902
2763,8748289
2764,8805429
2765,8804750
2766,8750216
2767,8754494
2768,9758847
2769,8710678
2770,8778099
2771,8807830
2772,8782349
2773,8784155
2774,8753100
2775,8724176
2776,8764463
2777,8788730
2778,9801886
2779,8649497
2780,8776856
2781,8762788
2782,8747434
2783,8798350
2784,8898181
2785,8835653
2786,8742472
2787,8771585
2788,8785835
2789,8794132
2790,8749061
2791,8737599
2792,8744409
2793,8809766
2794,9770773
2795,8662766
2796,8803856
2797,8819998
2798,8790592
2799,8789295
2800,8812742
2801,8792391
2802,8792914
2803,8793348
2804,8743506
2805,8798732
2806,8786233
2807,8807155
2808,8789586
2809,8818157
2810,8798875
2811,8801864
2812,8814501
2813,8792748
2814,8785629
2815,8801788
2816,8759707
2817,8740254
2818,8782947
2819,8807786
2820,8786328
2821,8806446
2822,8796560
2823,8792758
2824,8795278
2825,8790002
2826,8821633
2827,8808399
2828,8807002
2829,8794213
2830,8762090
2831,8806607
2832,8842596
2833,8843472
2834,8866567
2835,8847887
2836,8915624
2837,8810074
2838,8794633
2839,8779785
2840,8787343
2841,8778711
2842,9759772
2843,8722481
2844,8804720
2845,8776934
2846,8595799
2847,8559583
2848,8509653
2849,8541717
2850,8586046
2851,8598756
2852,8666788
2853,8585213
2854,8586896
2855,8603186
2856,8556769
2857,8613856
2858,8609281
2859,8593011
2860,8599116
2861,8598062
2862,8593930
2863,9575358
2864,9434785
2865,8647053
2866,8593293
2867,8693089
2868,8695865
2869,8701367
2870,8680241
2871,8668726
2872,8700251
2873,8691746
2874,8722413
2875,8707332
2876,8696620
2877,8709268
2878,8735355
2879,8693488
2880,8699583
2881,8709608
2882,8711343
2883,8691174
2884,8698629
2885,8698030
2886,8716657
2887,8685123
2888,8698669
2889,8717607
2890,8712045
2891,8695853
2892,8688045
2893,8670894
2894,8723525
2895,8697333
2896,8708504
2897,8703615
2898,8683768
2899,8712191
2900,8712341
2901,8653112
2902,8656609
2903,8676416
2904,8683845
2905,8718260
2906,8709840
2907,8760563
2908,8691761
2909,8617177
2910,8618027
2911,8609164
2912,8610749
2913,8712959
2914,8707457
2915,8705772
2916,8691069
2917,8760119
2918,8799550
2919,9774110
2920,8634563
2921,8711512
2922,8692308
2923,8699073
2924,8676941
2925,8703064
2926,9704719
2927,9671823
2928,8690935
2929,8691791
2930,8691662
2931,8733936
2932,8696205
2933,8668939
2934,8694943
2935,8714069
2936,8697084
2937,8700638
2938,8705139
2939,8709621
2940,8722518
2941,8738427
2942,8713739
2943,8695387
2944,9698893
2945,9703622
2946,8673900
2947,8684025
2948,8697892
2949,8728590
2950,8717550
2951,8698253
2952,8706730
2953,8709632
2954,8710221
2955,8677697
2956,8690903
2957,8695941
2958,8674906
2959,8711788
2960,8708569
2961,8711958
2962,8689753
2963,8691765
2964,8666783
2965,8675274
2966,8671949
2967,8716729
2968,8697726
2969,8722578
2970,8702246
2971,8700178
2972,8695424
2973,8729017
2974,8684627
2975,8712919
2976,8702472
2977,8700461
2978,8577426
2979,8593447
2980,8593673
2981,8710528
2982,8696703
2983,8730761
2984,8719725
2985,8698423
2986,8694486
2987,8659657
2988,8670861
2989,8664909
2990,8713719
2991,8685236
2992,8708817
2993,8695911
2994,8696494
2995,8709609
2996,8710365
2997,8707588
2998,8698742
2999,8713799
3000,8719231
3001,8704591
3002,8705160
3003,8710190
3004,8690483
3005,9661506
3006,8755926
3007,8685671
3008,8696468
3009,8705582
3010,8708996
3011,8680615
3012,8673736
3013,8699634
3014,8705574
3015,8709487
3016,8695231
3017,8724699
3018,8701967
3019,8704876
3020,8688026
3021,8709027
3022,8706865
3023,8675549
3024,8722676
3025,8715960
3026,8714194
3027,8710305
3028,8716000
3029,8701887
3030,8720326
3031,8686742
3032,8703974
3033,8670459
3034,8704453
3035,8689536
3036,8712121
3037,8705197
3038,8680190
3039,8706727
3040,8714433
3041,8783678
3042,8718837
3043,8708665
3044,8715627
3045,8731304
3046,9673643
3047,8712837
3048,8665890
3049,8697044
3050,8715391
3051,8692678
3052,8711311
3053,8700929
3054,8724415
3055,8650770
3056,8598680
3057,8624074
3058,8707396
3059,8747792
3060,8714793
3061,8708618
3062,8696064
3063,8653630
3064,8715132
3065,8680717
3066,8705814
3067,8715124
3068,8698514
3069,8680271
3070,8715428
3071,8673027
3072,8671306
3073,8660957
3074,9628544
3075,9459766
3076,8701814
3077,8684899
3078,8664968
3079,8668003
3080,8677311
3081,8658670
3082,8688510
3083,8680656
3084,8648862
3085,8671177
3086,8647454
3087,8668719
3088,8682269
3089,8677531
3090,9657373
3091,8604815
3092,8570598
3093,8661343
3094,8580454
3095,8560417
3096,8537925
3097,8546961
3098,8571401
3099,8593439
3100,8596620
3101,8580094
3102,8585759
3103,8670155
3104,8683528
3105,8677658
3106,8682450
3107,8651068
3108,8645991
3109,8685203
3110,8676914
3111,8676636
3112,8666340
3113,8685737
3114,8676381
3115,8672565
3116,8667260
3117,8692857
3118,8650382
3119,8648604
3120,8653892
3121,8654785
3122,8673809
3123,8686443
3124,8756628
3125,8752704
3126,8750848
3127,8782711
3128,8723636
3129,8672652
3130,8667440
3131,8666589
3132,8678170
3133,8670606
3134,8695080
3135,8681244
3136,8660116
3137,8679724
3138,8675215
3139,8705309
3140,8690679
3141,8710242
3142,8679482
3143,8656734
3144,8559445
3145,8531450
3146,8544506
3147,8513905
3148,8546711
3149,8553663
3150,8685804
3151,8667799
3152,8670619
3153,8680604
3154,8676111
3155,8654223
3156,8656610
3157,8686536
3158,8681228
3159,8673099
3160,8656934
3161,8663739
3162,8666280
3163,8689023
3164,8678202
3165,8673864
3166,8674167
3167,8688915
3168,8661026
3169,8672158
3170,8672614
3171,8641173
3172,8648771
3173,9661588
3174,8698022
3175,8654540
3176,8671681
3177,8671980
3178,8662414
3179,8665647
3180,8688850
3181,8662803
3182,8717210
3183,8648756
3184,8643603
3185,8802164
3186,8675348
3187,8674507
3188,8655308
3189,8650473
3190,8677234
3191,8671938
3192,8681096
3193,8658682
3194,8700394
3195,8685315
3196,8678633
3197,8701246
3198,8715943
3199,8648764
3200,9675755
3201,9688117
3202,8719257
3203,8697996
3204,8667141
3205,8646956
3206,8658361
3207,8679203
3208,8662993
3209,8721486
3210,8678455
3211,8673024
3212,8683668
3213,8700231
3214,8677216
3215,8680274
3216,8690926
3217,8697603
3218,8690305
3219,8687235
3220,8709391
3221,8727284
3222,9661915
3223,8712470
3224,8699160
3225,8687220
3226,8710841
3227,8681898
3228,8709510
3229,8701560
3230,8695941
3231,8678576
3232,8700485
3233,8684339
3234,8704418
3235,8687363
3236,9673848
3237,8694476
3238,8677802
3239,8655809
3240,8701616
3241,8673825
3242,8704566
3243,9674264
3244,8726954
3245,8751402
3246,8719016
3247,8684464
3248,8716193
3249,8703794
3250,8705745
3251,8720801
3252,8698642
3253,8681760
3254,8738197
3255,8710223
3256,8616307
3257,8611101
3258,8725556
3259,8724112
3260,8702751
3261,8709291
3262,8686782
3263,8761212
3264,8780844
3265,8678621
3266,8680341
3267,8698985
3268,8702120
3269,8718181
3270,8709577
3271,8690630
3272,8705981
3273,9693329
3274,8530629
3275,8671128
3276,8679650
3277,8704833
3278,8726674
3279,8714661
3280,8707741
3281,8725214
3282,8718502
3283,8665267
3284,8697765
3285,8710158
3286,8693102
3287,8677999
3288,8787416
3289,8756729
3290,8754600
3291,8741767
3292,8759810
3293,8712104
3294,8741992
3295,8700923
3296,8738699
3297,8697177
3298,8721998
3299,8716466
3300,8744644
3301,8663256
3302,8661507
3303,8707764
3304,8738691
3305,8706376
3306,8698082
3307,8709431
3308,8700648
3309,8702420
3310,9661838
3311,8769076
3312,8715621
3313,8703860
3314,8717590
3315,8726560
3316,8701106
3317,8692389
3318,8687939
3319,8662205
3320,9669304
3321,8708159
3322,8687098
3323,8734012
3324,8696853
3325,8705587
3326,8692533
3327,8707799
3328,8681725
3329,8704773
3330,8703424
3331,8700316
3332,8701302
3333,9699164
3334,8725501
3335,8667606
3336,8716269
3337,8717786
3338,8709062
3339,9702685
3340,8699053
3341,8705945
3342,8705045
3343,8675369
3344,8673146
3345,8706778
3346,8698135
3347,8705185
3348,8724506
3349,8700129
3350,8697401
3351,8703985
3352,8730249
3353,8710253
3354,8739173
3355,8672206
3356,8709275
3357,8695760
3358,8675381
3359,8686495
3360,8713080
3361,8704422
3362,8705271
3363,8704541
3364,8699161
3365,8713434
3366,8716221
3367,8700023
3368,8714681
3369,8703270
3370,8740739
3371,8731734
3372,8707789
3373,8714726
3374,8733347
3375,8702132
3376,8698380
3377,8706275
3378,8696452
3379,8693131
3380,8700717
3381,8728731
3382,8698888
3383,8705632
3384,8678794
3385,8668848
3386,8711828
3387,8706807
3388,8699011
3389,8696745
3390,8692108
3391,8839864
3392,8922578
3393,8932450
3394,8924042
3395,8928282
3396,8920026
3397,8947850
3398,8959242
3399,8750179
3400,8709593
3401,8683394
3402,8621572
3403,9814697
3404,9684342
3405,9564344
3406,9670939
3407,9608058
3408,9579055
3409,9601870
3410,9643368
3411,9600150
3412,9582910
3413,9669719
3414,9596537
3415,9564440
3416,9618321
3417,9578856
3418,9626487
3419,9665903
3420,9593292
3421,9594434
3422,9655856
3423,9547268
3424,9611041
3425,9616581
3426,9630358
3427,9607969
3428,9569179
3429,9735757
3430,9561530
3431,9600282
3432,9621261
3433,9634870
3434,9697725
3435,9425833
3436,9567224
3437,9616965
3438,9655372
3439,9645127
3440,9666701
3441,9620805
3442,9588360
3443,9566412
3444,9617213
3445,9590107
3446,9492278
3447,8476423
3448,8732001
3449,9739125
3450,9575917
3451,9547109
3452,8731602
3453,8738904
3454,8770547
3455,8887358
3456,9741691
3457,9706271
3458,9561019
3459,9686712
3460,9624963
3461,9595623
3462,9754534
3463,9521901
3464,9618042
3465,9556899
3466,9584596
3467,9632029
3468,8775186
3469,8825813
3470,8874396
3471,8832597
3472,8674860
3473,8665254
3474,8764211
3475,8775191
3476,8699333
3477,8647865
3478,8682194
3479,8846316
3480,8757132
3481,9819119
3482,9603031
3483,9634875
3484,9612928
3485,9617089
3486,9624302
3487,9591391
3488,9620130
3489,9626633
3490,8670559
3491,8784790
3492,8654491
3493,8658435
3494,8858481
3495,8791263
3496,8785179
3497,8742449
3498,8819138
3499,8777353
3500,9661049
3501,8730530
3502,8767526
3503,8903626
3504,8905883
3505,8925973
3506,8899812
3507,8886647
3508,8873382
3509,8862983
3510,8864248
3511,8948229
3512,8839304
3513,8975092
3514,9007466
3515,8913103
3516,8873761
3517,8992169
3518,9002866
3519,8782990
3520,8584597
3521,8563348
3522,8710646
3523,8879707
3524,8867735
3525,8885791
3526,8894271
3527,8897734
3528,8995072
3529,8990284
3530,8964793
3531,9001854
3532,8904857
3533,8982809
3534,8973749
3535,8948016
3536,9058295
3537,8944688
3538,8867522
3539,8905712
3540,8892667
3541,8892416
3542,8879532
3543,8842569
3544,8788855
3545,8784292
3546,8776435
3547,8871010
3548,8943102
3549,9037219
3550,8936871
3551,8869542
3552,8879626
3553,8915317
3554,8969310
3555,8884347
3556,8892604
3557,8969782
3558,8964498
3559,8980016
3560,8902980
3561,8942682
3562,8877551
3563,8915666
3564,8698803
3565,9516441
3566,8918891
3567,8794136
3568,8805030
3569,8801148
3570,8732710
3571,8741808
3572,8695486
3573,8815879
3574,8678577
3575,8784951
3576,8752042
3577,8798390
3578,8815823
3579,8760150
3580,8846605
3581,8815217
3582,8702845
3583,8702447
3584,8728564
3585,8797376
3586,8793539
3587,8871473
3588,8980975
3589,8983264
3590,9035345
3591,8994165
3592,9068476
3593,8951613
3594,8991992
3595,8792615
3596,8882046
3597,8779504
3598,8803427
3599,8763776
3600,9796162
3601,9714957
3602,9665982
3603,9481953
3604,9482009
3605,9629430
3606,9606985
3607,9575114
3608,9660859
3609,9582636
3610,9620834
3611,9632518
3612,9543787
3613,9635922
3614,9597083
3615,9626763
3616,9615711
3617,9578922
3618,9620830
3619,9634917
3620,9591922
3621,9620105
3622,9623166
3623,9579552
3624,9657178
3625,9604539
3626,9563360
3627,9610078
3628,9657699
3629,9616190
3630,9611530
3631,9596554
3632,9609362
3633,9615006
3634,9619539
3635,9584576
3636,9594767
3637,9628816
3638,9607160
3639,9588279
3640,9647060
3641,9577577
3642,9608637
3643,9720379
3644,9433493
3645,9648283
3646,9595609
3647,9650037
3648,9547694
3649,9634767
3650,9630525
3651,9614936
3652,9614700
3653,9572724
3654,9664424
3655,9643568
3656,9465281
3657,9645562
3658,9662659
3659,9558063
3660,9597067
3661,9618353
3662,9610612
3663,9708841
3664,9640514
3665,9597327
3666,9665546
3667,9656443
3668,9481418
3669,9600258
3670,9607690
3671,9603646
3672,9568982
3673,9463299
3674,8678725
3675,8725382
3676,8955130
3677,8931587
3678,8928870
3679,8924379
3680,8890058
3681,8932103
3682,8899966
3683,8897634
3684,8922350
3685,8879708
3686,8741229
3687,8687146
3688,8711906
3689,8735569
3690,8726034
3691,8687270
3692,8688126
3693,8683040
3694,8772347
3695,8722577
3696,8699782
3697,8692169
3698,8690301
3699,8682193
3700,8695092
3701,8656968
3702,9631625
3703,8647287
3704,8684547
3705,8652467
3706,8688705
3707,8697904
3708,8690442
3709,8581291
3710,8541606
3711,8576107
3712,9541102
3713,9433365
3714,8410574
3715,8584609
3716,8685446
3717,8692981
3718,8669532
3719,8669511
3720,8648826
3721,8668333
3722,8676512
3723,8693994
3724,8683769
3725,8684456
3726,8705680
3727,8685451
3728,8673048
3729,8683895
3730,8714678
3731,8675423
3732,8697181
3733,8646656
3734,8667240
3735,8658872
3736,8704310
3737,8707033
3738,8719270
3739,8678717
3740,8697673
3741,8914171
3742,8864518
3743,8890391
3744,8939578
3745,9080417
3746,8736832
3747,8628714
3748,8593204
3749,8557524
3750,8582842
3751,8784521
3752,8810439
3753,8840473
3754,8846571
3755,8840235
3756,8740662
3757,8682054
3758,8760303
3759,8743506
3760,8778455
3761,8712183
3762,8565125
3763,8697422
3764,8768397
3765,8741120
3766,8742553
3767,9758994
3768,9650461
3769,9596397
3770,9632859
3771,9624284
3772,9599541
3773,9608426
3774,9590642
3775,9651026
3776,9571008
3777,9621153
3778,9593562
3779,9640515
3780,9581050
3781,9603293
3782,9630378
3783,9592018
3784,9637927
3785,9568558
3786,9631690
3787,9605662
3788,9592469
3789,9631146
3790,9595141
3791,9586277
3792,9639120
3793,9612767
3794,9560833
3795,9648398
3796,9582873
3797,9630568
3798,9560135
3799,9643714
3800,9573000
3801,9642672
3802,9618665
3803,9498564
3804,9587126
3805,9613084
3806,9586938
3807,9638465
3808,9600456
3809,9568929
3810,9611827
3811,9648931
3812,9582801
3813,9596835
3814,9622701
3815,9622722
3816,9590668
3817,9594897
3818,9580946
3819,9615781
3820,9607353
3821,9590286
3822,9636778
3823,9595056
3824,9612609
3825,9595288
3826,9608573
3827,9586248
3828,9612541
3829,9617276
3830,9594147
3831,9609375
3832,9598439
3833,9614230
3834,9603716
3835,9525115
3836,9668789
3837,9627094
3838,9612376
3839,9591685
3840,9633628
3841,9602415
3842,9583591
3843,9643545
3844,9595559
3845,9618774
3846,9585134
3847,9670661
3848,9562747
3849,9614604
3850,9571171
3851,9607060
3852,9634532
3853,9603283
3854,9631346
3855,9647870
3856,9584891
3857,9623725
3858,9576391
3859,9648623
3860,9591936
3861,9612392
3862,9581630
3863,9631684
3864,9586908
3865,9610043
3866,9581890
3867,9635160
3868,9582660
3869,9638658
3870,9596251
3871,9609952
3872,9608842
3873,9610401
3874,9601964
3875,9599900
3876,9661485
3877,9566135
3878,9623672
3879,9563912
3880,9650752
3881,9630341
3882,9563546
3883,9644444
3884,9565651
3885,9589780
3886,9457756
3887,9427207
3888,9401183
3889,8420550
3890,8592231
3891,8562173
3892,8584457
3893,8574453
3894,8580089
3895,8534480
3896,8535416
3897,8574817
3898,8572561
3899,8583234
3900,8613487
3901,8596120
3902,8606650
3903,8862200
3904,8842387
3905,8566465
3906,8810717
3907,8808578
3908,8829348
3909,8738669
3910,8806115
3911,8735271
3912,9746690
3913,8662173
3914,8770167
3915,9734935
3916,9696141
3917,9578295
3918,9611290
3919,9655870
3920,9595911
3921,9611894
3922,9571409
3923,9657112
3924,9588488
3925,9593047
3926,9581979
3927,9638643
3928,9608890
3929,9602250
3930,9629605
3931,9637582
3932,9567923
3933,9618749
3934,9639604
3935,9587904
3936,9587951
3937,9612209
3938,9590943
3939,9607692
3940,9631006
3941,9697888
3942,9544772
3943,9584721
3944,9625768
3945,9608287
3946,9630491
3947,9612556
3948,9605897
3949,9586075
3950,9571789
3951,9636790
3952,9608681
3953,9600774
3954,9598359
3955,9582392
3956,9638286
3957,9616937
3958,9599644
3959,9606251
3960,9665211
3961,9583207
3962,9586361
3963,9633427
3964,9577792
3965,9623051
3966,9604241
3967,9615818
3968,9606678
3969,9596098
3970,9609910
3971,9631481
3972,9530275
3973,9463966
3974,8406057
3975,8731600
3976,8790280
3977,8724159
3978,8764139
3979,8783157
3980,8835428
3981,8771797
3982,8731342
3983,8722698
3984,8857272
3985,8946783
3986,8904345
3987,8894172
3988,8926876
3989,8895819
3990,8877433
3991,8801126
3992,8733899
3993,8696343
3994,8728636
3995,8754156
3996,8692684
3997,8698823
3998,8721903
3999,8652764
4000,8663368
4001,8703722
4002,8745096
4003,8696145
4004,8801530
4005,9833899
4006,9641527
4007,9605409
4008,9707640
4009,9572722
4010,9594588
4011,9549792
4012,9632607
4013,9574905
4014,9564496
4015,9537262
4016,9612738
4017,9622003
4018,9702421
4019,9532813
4020,9587305
4021,9609157
4022,9608001
4023,9636105
4024,9600853
4025,9706964
4026,9621469
4027,9675694
4028,9489862
4029,9578053
4030,9630469
4031,9522602
4032,9633737
4033,9597789
4034,9590755
4035,9633967
4036,9607058
4037,9625409
4038,9554279
4039,9664272
4040,9617561
4041,9599428
4042,9595955
4043,9602284
4044,9635813
4045,9632104
4046,9499517
4047,8621804
4048,8729847
4049,8661885
4050,8750131
4051,8693742
4052,8707134
4053,8664449
4054,8788112
4055,8879118
4056,8758659
4057,9771728
4058,9505725
4059,8850644
4060,8795386
4061,9763416
4062,9619165
4063,9613841
4064,9581000
4065,9616136
4066,9633632
4067,9601592
4068,9594187
4069,9627853
4070,9611870
4071,9584399
4072,9628172
4073,9626036
4074,9597839
4075,9608509
4076,9588531
4077,9620786
4078,9643619
4079,9591607
4080,9627625
4081,9623766
4082,9584848
4083,9617108
4084,9623028
4085,9603779
4086,9630877
4087,9614102
4088,9609320
4089,9582832
4090,9636557
4091,9610720
4092,9594235
4093,9623283
4094,9562466
4095,9710514
4096,9508427
4097,9638934
4098,9630580
4099,9591915
4100,8632559
4101,8580490
4102,8548776
4103,8592233
4104,8553564
4105,8601788
4106,8642246
4107,8631245
4108,8642077
4109,8628083
4110,8652562
4111,8657980
4112,8655655
4113,8681441
4114,8688240
4115,8646529
4116,8635843
4117,8621214
4118,8944041
4119,8881658
4120,8906495
4121,8924855
4122,8947016
4123,8889481
4124,8948620
4125,8873147
4126,8819857
4127,8727490
4128,8725035
4129,8682605
4130,8747205
4131,8758883
4132,8796047
4133,8826799
4134,8913961
4135,8839961
4136,8906354
4137,8954530
4138,8857751
4139,8941235
4140,8930323
4141,8907069
4142,8921141
4143,8814618
4144,8865080
4145,8904509
4146,8965337
4147,8779815
4148,8804117
4149,8886731
4150,8925734
4151,8977100
4152,8878526
4153,8855726
4154,8822940
4155,8789861
4156,8825716
4157,8942049
4158,8907330
4159,8923033
4160,8874452
4161,8917967
4162,8927648
4163,8868327
4164,8809894
4165,8865832
4166,8764954
4167,8751779
4168,8655646
4169,8731488
4170,8950136
4171,8924793
4172,8945477
4173,8903982
4174,8924083
4175,8910712
4176,9008303
4177,8818729
4178,8713784
4179,8663992
4180,8642852
4181,8881447
4182,8913835
4183,8958365
4184,8922623
4185,8992532
4186,8881517
4187,8900007
4188,8870394
4189,8879720
4190,8889048
4191,8914588
4192,9017714
4193,8847832
4194,8836852
4195,8713476
4196,8738821
4197,8752800
4198,8735758
4199,8659463
4200,8684709
4201,8721617
4202,8826481
4203,8895507
4204,8888660
4205,8979621
4206,8929118
4207,8915731
4208,8999450
4209,8900295
4210,8929569
4211,8892483
4212,8900165
4213,8894950
4214,8914097
4215,8913294
4216,8890932
4217,8917487
4218,8897188
4219,8887832
4220,8809713
4221,8715777
4222,8755734
4223,8845547
4224,9948432
4225,9571527
4226,9476133
4227,9689771
4228,9594400
4229,9628034
4230,9593507
4231,9620422
4232,9601487
4233,9643012
4234,9610371
4235,9635283
4236,9577538
4237,9574408
4238,9641441
4239,9666872
4240,9607824
4241,9619690
4242,9544200
4243,9626975
4244,9641522
4245,9541392
4246,8692753
4247,8860038
4248,8858764
4249,8785786
4250,8836905
4251,8912868
4252,8916771
4253,9009865
4254,8927953
4255,8926680
4256,8902769
4257,8696737
4258,8738893
4259,8733937
4260,8748937
4261,8663991
4262,8775399
4263,8801459
4264,8958011
4265,8944621
4266,8905332
4267,8946065
4268,8957663
4269,8927634
4270,8918771
4271,8889146
4272,8830181
4273,8722568
4274,8706435
4275,8705951
4276,8827620
4277,8693388
4278,8727069
4279,8706761
4280,8695632
4281,8684474
4282,8652884
4283,8651413
4284,8681978
4285,8942352
4286,9909119
4287,9619544
4288,9596463
4289,9621849
4290,9615302
4291,9597737
4292,9621053
4293,9652904
4294,9553360
4295,9543725
4296,9612362
4297,9710231
4298,9641070
4299,9579800
4300,9593073
4301,9640681
4302,9622144
4303,9452953
4304,9639515
4305,9557554
4306,9634193
4307,9636960
4308,9615283
4309,9580667
4310,9612277
4311,9618062
4312,9608701
4313,9588218
4314,9641005
4315,9605573
4316,9606433
4317,9606719
4318,9648708
4319,9596065
4320,9617924
4321,9606529
4322,9593140
4323,9627577
4324,9616874
4325,9589974
4326,9620069
4327,9623639
4328,9640076
4329,9569560
4330,9608537
4331,9651517
4332,9578690
4333,9609331
4334,9617155
4335,9584611
4336,9639019
4337,9631564
4338,9586866
4339,9612475
4340,9644276
4341,9582412
4342,9613171
4343,9620096
4344,9594774
4345,9510626
4346,9541081
4347,8577922
4348,8745658
4349,8736116
4350,8778698
4351,8676109
4352,8710875
4353,8662196
4354,8566624
4355,8648149
4356,8689928
4357,8767682
4358,8723901
4359,8749699
4360,8646045
4361,8733611
4362,8733844
4363,8687507
4364,8705079
4365,8727703
4366,8734450
4367,8736881
4368,8751754
4369,8730686
4370,8726299
4371,8726778
4372,8687184
4373,8699959
4374,8613230
4375,9696692
4376,9632219
4377,9609863
4378,9608682
4379,9592046
4380,9629997
4381,9590022
4382,9634808
4383,9581769
4384,9625634
4385,9621521
4386,9611032
4387,9610005
4388,9567885
4389,9605604
4390,9637965
4391,9624773
4392,9604155
4393,9617239
4394,9609994
4395,8477091
4396,8606408
4397,8605481
4398,8572323
4399,8564151
4400,8608190
4401,8597797
4402,8592461
4403,8888589
4404,8752731
4405,8792253
4406,8820084
4407,8801324
4408,8785484
4409,9743460
4410,9627419
4411,9576933
4412,9619773
4413,9576225
4414,9643414
4415,9586047
4416,9613608
4417,9619081
4418,9611059
4419,9577453
4420,9639972
4421,9550996
4422,9637712
4423,9633965
4424,9605974
4425,9591225
4426,9612058
4427,9581582
4428,9633160
4429,9592066
4430,9590300
4431,9648101
4432,9574711
4433,9657867
4434,9572719
4435,9607125
4436,9586455
4437,9636858
4438,9591509
4439,9644219
4440,9615302
4441,9621088
4442,9591652
4443,9616003
4444,9592881
4445,9576749
4446,9633970
4447,9583690
4448,9648490
4449,9584886
4450,9624591
4451,9621980
4452,9591011
4453,9625260
4454,9573958
4455,9642031
4456,9589102
4457,9646107
4458,9608859
4459,9563657
4460,9621179
4461,9621897
4462,9588518
4463,9649355
4464,9555183
4465,9592027
4466,9611341
4467,9629310
4468,9612789
4469,9583939
4470,9647463
4471,9569841
4472,9648436
4473,9615635
4474,9589112
4475,9610213
4476,9601819
4477,9614938
4478,9638692
4479,9629497
4480,9492011
4481,9684553
4482,9633099
4483,9589228
4484,9609556
4485,9580509
4486,9629300
4487,9591945
4488,9644308
4489,9606858
4490,9626706
4491,9594586
4492,9576766
4493,9650667
4494,9600947
4495,9592775
4496,9603330
4497,9628698
4498,9614284
4499,9599969
4500,9612609
4501,9499425
4502,9474625
4503,9574223
4504,9643776
4505,9600846
4506,9595260
4507,9592475
4508,9577634
4509,9637310
4510,9596646
4511,9632575
4512,9583517
4513,9641476
4514,9580017
4515,9584884
4516,9656738
4517,9553322
4518,9634562
4519,9628171
4520,9609355
4521,9594672
4522,9627518
4523,9591075
4524,9596561
4525,9594198
4526,9601400
4527,9622038
4528,9660105
4529,9599092
4530,9620151
4531,9623524
4532,9572995
4533,9598072
4534,9607864
4535,9607196
4536,9607192
4537,9643357
4538,9626828
4539,9594835
4540,9598043
4541,9601234
4542,9618708
4543,9627348
4544,9581157
4545,9609495
4546,9606967
4547,9641120
4548,9586339
4549,9643721
4550,9605084
4551,9604440
4552,9630350
4553,9583943
4554,9599691
4555,9679865
4556,9586112
4557,9625912
4558,9602062
4559,9642072
4560,9629237
4561,9599933
4562,9588814
4563,9601365
4564,9632290
4565,9619934
4566,9582927
4567,9626400
4568,9597260
4569,9592470
4570,9658249
4571,9560380
4572,9422717
4573,9640313
4574,9610759
4575,9649321
4576,9586566
4577,9601500
4578,9635790
4579,9591506
4580,9631889
4581,9602695
4582,9613791
4583,9674288
4584,9595506
4585,9612822
4586,9613732
4587,9632471
4588,9557633
4589,9650705
4590,9590621
4591,9580377
4592,9592149
4593,9621458
4594,9512571
4595,9568589
4596,9678427
4597,9566057
4598,9635996
4599,9592469
4600,9730167
4601,9617843
4602,9660857
4603,9286653
4604,9655660
4605,9609636
4606,9622484
4607,9591433
4608,9695630
4609,9621661
4610,9663326
4611,9524346
4612,9613745
4613,9626351
4614,9614629
4615,9616624
4616,9590850
4617,9624949
4618,9600489
4619,9626150
4620,9618571
4621,9502718
4622,9714537
4623,9609181
4624,9600540
4625,9616415
4626,9622078
4627,9559177
4628,9601174
4629,9634724
4630,9629140
4631,9604625
4632,9602622
4633,9582658
4634,9628054
4635,9623256
4636,9604508
4637,9614697
4638,9618438
4639,9598422
4640,9537160
4641,9621290
4642,9608174
4643,9613921
4644,9715275
4645,9441894
4646,9576042
4647,9637751
4648,9568134
4649,9655260
4650,9639971
4651,9604966
4652,9585188
4653,9561076
4654,9748501
4655,9603517
4656,9486625
4657,9566345
4658,9636849
4659,9679307
4660,9626666
4661,9603345
4662,9657753
4663,9518945
4664,9654464
4665,9639669
4666,9684470
4667,9663941
4668,9501102
4669,9615580
4670,9584108
4671,9590474
4672,9564655
4673,9675545
4674,9625944
4675,9578828
4676,9530104
4677,9614095
4678,9591400
4679,9634363
4680,9643050
4681,9617346
4682,9595573
4683,9593123
4684,9577068
4685,9629370
4686,9737875
4687,9574263
4688,9690993
4689,9508575
4690,9637292
4691,9613426
4692,9548167
4693,9622894
4694,9734570
4695,9242306
4696,9493714
4697,9491695
4698,9703441
4699,9593126
4700,9672708
4701,9498865
4702,9647039
4703,9492248
4704,9584524
4705,9618581
4706,9639066
4707,9612058
4708,9604532
4709,9590724
4710,9646569
4711,9621750
4712,9702742
4713,9448465
4714,9672535
4715,9567284
4716,9629583
4717,9594985
4718,9615961
4719,9575719
4720,9631228
4721,9527417
4722,9649827
4723,9645186
4724,9625306
4725,9591213
4726,9615247
4727,9610503
4728,9571827
4729,9648548
4730,9645435
4731,9567994
4732,9607635
4733,9618647
4734,9615185
4735,9601625
4736,9620765
4737,9568032
4738,9676829
4739,9598534
4740,9590773
4741,9604019
4742,9644072
4743,9568313
4744,9623761
4745,9630298
4746,9608490
4747,9612481
4748,9574966
4749,9645658
4750,9623675
4751,9616375
4752,9602188
4753,9581814
4754,9624355
4755,9615783
4756,9588191
4757,9605344
4758,9612792
4759,9580097
4760,9710809
4761,9572179
4762,9640370
4763,9572245
4764,9643886
4765,9527691
4766,9591488
4767,9620090
4768,9599636
4769,9671770
4770,9606598
4771,9583957
4772,9562687
4773,9636379
4774,9615737
4775,9612533
4776,9612908
4777,9602052
4778,9600068
4779,9629538
4780,9643907
4781,9578405
4782,9640252
4783,9580259
4784,9622314
4785,9616242
4786,9668005
4787,9589935
4788,9602708
4789,9657100
4790,9634511
4791,9619972
4792,9637826
4793,9528996
4794,9636046
4795,9576382
4796,9561428
4797,9601984
4798,9641129
4799,9595821
4800,9611235
4801,9603862
4802,9631014
4803,9357130
4804,9637982
4805,9624385
4806,9596661
4807,9614937
4808,9612491
4809,9597265
4810,9618916
4811,9579464
4812,9589463
4813,9655104
4814,9610361
4815,9607651
4816,9637266
4817,9596966
4818,9633500
4819,9536692
4820,9679106
4821,9597969
4822,9576621
4823,9566586
4824,8579666
4825,8823185
4826,8827818
4827,8847312
4828,8852606
4829,8657528
4830,8701684
4831,8647920
4832,8724078
4833,8705188
4834,8755464
4835,8747819
4836,8684474
4837,8661877
4838,8683788
4839,8682917
4840,8679916
4841,8677743
4842,8774848
4843,9684805
4844,8669492
4845,8669993
4846,8682723
4847,8669200
4848,8660780
4849,8775283
4850,8771393
4851,8846264
4852,8956597
4853,9009750
4854,8836954
4855,8828607
4856,8967463
4857,8805693
4858,8503368
4859,8600182
4860,8606593
4861,8597564
4862,8599323
4863,8584517
4864,8561347
4865,8576762
4866,8605435
4867,8581131
4868,8587880
4869,8593153
4870,8627078
4871,8610996
4872,8598685
4873,8606332
4874,8594578
4875,8591560
4876,8587728
4877,8585412
4878,8592105
4879,8589375
4880,8580659
4881,8593213
4882,8609015
4883,8593236
4884,8610848
4885,8600901
4886,8598003
4887,8603801
4888,9590693
4889,9391825
4890,8492130
4891,8591377
4892,8595676
4893,8609890
4894,8587271
4895,8589576
4896,8609439
4897,8554608
4898,8562155
4899,8592413
4900,8607413
4901,8562227
4902,8511957
4903,8911069
4904,8645151
4905,9650572
4906,8708478
4907,8896187
4908,8901911
4909,8770451
4910,8724980
4911,8732951
4912,9794496
4913,9683406
4914,9624744
4915,9563283
4916,9536636
4917,8654775
4918,8656859
4919,8639691
4920,8650726
4921,8661447
4922,8669527
4923,8658001
4924,8661003
4925,8687135
4926,8680610
4927,8651895
4928,8690065
4929,8650311
4930,8657792
4931,8666272
4932,8651716
4933,8678963
4934,8651655
4935,8659785
4936,8651918
4937,8681112
4938,8658083
4939,8671600
4940,8703284
4941,8538085
4942,8534478
4943,8518332
4944,8563564
4945,8751177
4946,8558064
4947,8509279
4948,8534274
4949,8520790
4950,8549508
4951,8571756
4952,8560301
4953,8557590
4954,8573254
4955,8577796
4956,8572771
4957,8690787
4958,8723283
4959,8683785
4960,8686945
4961,8699280
4962,8690672
4963,8680888
4964,8684885
4965,8596793
4966,8565971
4967,8691256
4968,8700540
4969,8702964
4970,8696259
4971,8698601
4972,8682734
4973,8704861
4974,8682008
4975,8681157
4976,8656639
4977,8666409
4978,9676549
4979,8687207
4980,8572967
4981,8571791
4982,8585869
4983,8578231
4984,8589672
4985,8576971
4986,8652531
4987,8688866
4988,8695777
4989,9674176
4990,9716462
4991,8924483
4992,9875193
4993,9623678
4994,9606400
4995,9610682
4996,9625422
4997,9627743
4998,9599093
4999,9584585
